ID,DOB
A7,Sep/Aug 2020
771,Sep/Aug 2020
767,Sep/Aug 2020
766,Sep/Aug 2020
779,Sep/Aug 2020
778,Sep/Aug 2020
780,Sep/Aug 2020
732,Sep/Aug 2020
919,feb 2021
917,feb 2021
951,feb 2021
949,feb 2021
914,feb 2021
912,feb 2021
915,03/02/2021
913,03/02/2021
911,03/02/2021
904,10/03/2021
909,10/03/2021
902,10/03/2021
906,03/03/2021
910,03/03/2021
325,22/9/2021
326 (337),22/9/2021
327,22/9/2021
328 (356),22/9/2021
329 (357),22/9/2021
330,9/10/2021
331,9/10/2021
332,9/10/2021
333,9/10/2021
334,9/10/2021
335 (358),9/10/2021
336,nan
337 (359),22/9/2021
398,03/05/2022
501,03/05/2022
387,03/05/2022
395,03/05/2022
400,03/05/2022
623,01/03/2022
627,01/03/2022
625,01/03/2022
420,20/01/2022
422,20/01/2022
419,20/01/2022
617,03/04/2022
616,03/04/2022
620,03/04/2022
615,03/04/2022
618,03/04/2022
614,03/04/2022
619,03/04/2022
804,24/11/2022
801,24/11/2022
802,24/11/2022
807,24/11/2022
808,24/11/2022
791,30/11/2022
820,30/11/2022
821,30/11/2022
561,25/11/2022
562,31/12/2022
873,23/01/2023
875,23/01/2023
876,23/01/2023
907,25/02/2023
911,25/02/2023
909,25/02/2023