Trial,Side,RepTrial,Reward,Punish,Miss,WrongLick,Hit,AfterHit,Choice,RepChoice,Response,TrialStart,TrialEnd,TrialLen,StimStart,StimEnd,StimLen,RespWinStart,RespWinEnd,RespWinLen,Filename,Filename2,FilesMatch,Message,MessageFound,SoundLeft,SoundRight,Sound,ILD,ILDRep,Port1In,Port1Out,Port2In,Port2Out,ValveLeft,ValveRight,AW,AWTrials,Switch,Timeout,Fixation,Stage,Motor,REC,Progression,CB,RespWin,ITI,WarmUp,RecoveryMode,P,PRight,Blocks,BlockLen,Task,Ephys,StimDur,Delay,VarDelay,SerialPort,Protocol,Creator,Project,Experiment,Board,Setup,NetPort,Subject,BpodApiVersion,Session,Date,SessionStart,SessionEnd,State,StateLabel,p0,p1,p2,Weights
0,1,,1,0,0,,1.0,,1.0,,1,0.337032,8.134635000000001,7.797603,3.3206,3.7976,0.4769999999999998,3.5786,3.7801,0.2014999999999998,iaa,iaa,1,,0,0,1,1,70.0,,"[0.8942, 1.1661]","[0.936, 1.2121]","[3.7801, 3.8905, 3.9947, 4.115600000000001, 4.231, 4.3561000000000005, 4.4821]","[3.8082, 3.9141, 4.0307, 4.1539, 4.272, 4.3918, 4.5217]",0.0074,0.008,20,1,0.5,2.0,0.5,4,4,1,0,1,1,1,0,0,0.05,,,,,,,,,/dev/ttyACM36,stage_training_v2,Alexis,pv_nmdar_eranet,2AFC_2,Bpod6,334,36003,334,1.6.2,334_stage_training_v2_20220302-125047,2022-03-02,12:50:56.869847,13:07:59.111164,2,right bias,8.683376940824791e-16,1.0773414357437009e-21,1.0,[[0.64729305 0.1995623 ]]
1,0,0.0,1,0,0,,1.0,1.0,0.0,0.0,1,8.150832000000001,16.828235,8.677403,3.3181000000000003,4.3276,1.0095,4.485,4.67,0.1849999999999996,aaa,aaa,1,,0,1,0,1,-70.0,-70.0,"[4.67, 4.7694, 4.8573, 4.961, 5.0656, 5.1798, 5.681900000000001, 5.824]","[4.7047, 4.7925, 4.8929, 4.9942, 5.1018, 5.211600000000001, 5.7195, 5.8272]",[],[],0.0074,0.008,20,1,0.5,2.0,0.5,4,4,1,0,1,1,1,0,0,0.05,,,,,,,,,/dev/ttyACM36,stage_training_v2,Alexis,pv_nmdar_eranet,2AFC_2,Bpod6,334,36003,334,1.6.2,334_stage_training_v2_20220302-125047,2022-03-02,12:50:56.869847,13:07:59.111164,2,right bias,8.759812938612757e-16,1.512835830653085e-10,0.9999999998487183,[[0.64729305 0.1995623 ]]
2,1,0.0,1,0,0,,1.0,1.0,1.0,0.0,1,16.842532000000002,25.556935,8.714402999999999,3.3206,4.3301,1.0094999999999996,4.4881,4.7064,0.2183000000000001,iaa,iaa,1,,0,0,1,1,70.0,-70.0,[],[],"[4.7064, 4.801, 4.903300000000001, 5.020300000000001, 5.1344]","[4.7174000000000005, 4.828600000000001, 4.9375, 5.060300000000001, 5.1807]",0.0074,0.008,20,1,0.5,2.0,0.5,4,4,1,0,1,1,1,0,0,0.05,,,,,,,,,/dev/ttyACM36,stage_training_v2,Alexis,pv_nmdar_eranet,2AFC_2,Bpod6,334,36003,334,1.6.2,334_stage_training_v2_20220302-125047,2022-03-02,12:50:56.869847,13:07:59.111164,2,right bias,1.5128095027393742e-10,5.728736926256808e-15,0.9999999998487112,[[0.64729305 0.1995623 ]]
3,0,0.0,1,0,0,,1.0,1.0,0.0,0.0,1,25.586232,34.252734999999994,8.666503000000002,3.3181000000000003,4.3276,1.0095,4.485,4.6591000000000005,0.1741000000000001,aaa,aaa,1,,0,1,0,1,-70.0,-70.0,"[4.6591000000000005, 4.6601, 4.661300000000001, 4.7663, 4.8626000000000005, 4.968500000000001, 5.0811, 5.189, 5.3]","[4.659400000000001, 4.660200000000001, 4.6859, 4.789000000000001, 4.8962, 4.9999, 5.1123, 5.2206, 5.329000000000001]",[],[],0.0074,0.008,20,1,0.5,2.0,0.5,4,4,1,0,1,1,1,0,0,0.05,,,,,,,,,/dev/ttyACM36,stage_training_v2,Alexis,pv_nmdar_eranet,2AFC_2,Bpod6,334,36003,334,1.6.2,334_stage_training_v2_20220302-125047,2022-03-02,12:50:56.869847,13:07:59.111164,2,right bias,1.5073065580058735e-10,1.618199841035637e-10,0.9999999996874465,[[0.64729305 0.1995623 ]]
4,1,0.0,1,0,0,,1.0,1.0,1.0,0.0,1,34.273032,42.989635,8.716603,3.3206,4.3301,1.0094999999999996,4.4881,4.7086000000000015,0.2205000000000003,iaa,iaa,1,,0,0,1,1,70.0,-70.0,[],[],"[4.708600000000001, 4.812, 4.9226, 5.0342, 5.1656, 5.2992, 5.4324, 5.5673, 5.730300000000001, 6.1191]","[4.7333, 4.8398, 4.9558, 5.0756000000000006, 5.2087, 5.3411, 5.4747, 5.6159, 5.7603, 6.1524]",0.0074,0.008,20,1,0.5,2.0,0.5,4,4,1,0,1,1,1,0,0,0.05,,,,,,,,,/dev/ttyACM36,stage_training_v2,Alexis,pv_nmdar_eranet,2AFC_2,Bpod6,334,36003,334,1.6.2,334_stage_training_v2_20220302-125047,2022-03-02,12:50:56.869847,13:07:59.111164,2,right bias,3.125487740245129e-10,2.9819108506347674e-15,0.9999999996874465,[[0.64729305 0.1995623 ]]
5,1,1.0,1,0,0,,1.0,1.0,1.0,1.0,1,43.004632,51.753335,8.748702999999999,3.3206,4.3301,1.0094999999999996,4.4881,4.7407,0.2526000000000001,iaa,iaa,1,,0,0,1,1,70.0,70.0,[],[],"[4.7407, 4.8343, 4.9519, 5.0613, 5.1761, 5.2941, 5.4156, 5.5517]","[4.7495, 4.8586, 4.9741, 5.0936, 5.2117, 5.3318, 5.4588, 5.5959]",0.0074,0.008,20,1,0.5,2.0,0.5,4,4,1,0,1,1,1,0,0,0.05,,,,,,,,,/dev/ttyACM36,stage_training_v2,Alexis,pv_nmdar_eranet,2AFC_2,Bpod6,334,36003,334,1.6.2,334_stage_training_v2_20220302-125047,2022-03-02,12:50:56.869847,13:07:59.111164,2,right bias,3.1255169441479595e-10,3.791498613849456e-15,0.9999999996874465,[[0.64729305 0.1995623 ]]
6,0,0.0,1,0,0,,1.0,1.0,0.0,0.0,1,51.771932,60.462435,8.690503,3.3181000000000003,4.3276,1.0095,4.485,4.6831000000000005,0.1981000000000001,aaa,aaa,1,,0,1,0,1,-70.0,-70.0,"[4.6831000000000005, 4.7826, 4.8795, 4.9923, 5.0939000000000005, 5.1976]","[4.7165, 4.8125, 4.915, 5.0254, 5.125100000000001, 5.236000000000001]",[],[],0.0074,0.008,20,1,0.5,2.0,0.5,4,4,1,0,1,1,1,0,0,0.05,,,,,,,,,/dev/ttyACM36,stage_training_v2,Alexis,pv_nmdar_eranet,2AFC_2,Bpod6,334,36003,334,1.6.2,334_stage_training_v2_20220302-125047,2022-03-02,12:50:56.869847,13:07:59.111164,2,right bias,3.114108863237828e-10,2.753194188487107e-10,0.9999999994132693,[[0.64729305 0.1995623 ]]
7,1,0.0,1,0,0,,1.0,1.0,1.0,0.0,1,60.495931999999996,69.209135,8.713203,3.3206,4.3301,1.0094999999999996,4.4881,4.7052000000000005,0.2171000000000003,iaa,iaa,1,,0,0,1,1,70.0,-70.0,[],[],"[4.7052000000000005, 4.8062000000000005, 4.9099, 5.029, 5.1566]","[4.7291, 4.8376, 4.9477, 5.0713, 5.1977]",0.0074,0.008,20,1,0.5,2.0,0.5,4,4,1,0,1,1,1,0,0,0.05,,,,,,,,,/dev/ttyACM36,stage_training_v2,Alexis,pv_nmdar_eranet,2AFC_2,Bpod6,334,36003,334,1.6.2,334_stage_training_v2_20220302-125047,2022-03-02,12:50:56.869847,13:07:59.111164,2,right bias,5.867271484547853e-10,5.0741929001240744e-15,0.9999999994132693,[[0.64729305 0.1995623 ]]
8,1,1.0,1,0,0,,1.0,1.0,1.0,1.0,1,69.240732,77.979835,8.739103,3.3206,4.3301,1.0094999999999996,4.4881,4.7311000000000005,0.2430000000000003,iaa,iaa,1,,0,0,1,1,70.0,70.0,[],[],"[4.7311000000000005, 4.8404, 4.9404, 5.0663, 5.193700000000001, 5.3204, 5.4629, 5.5913]","[4.7599, 4.8607000000000005, 4.9744, 5.1027000000000005, 5.2362, 5.3619, 5.500100000000001, 5.631600000000001]",0.0074,0.008,20,1,0.5,2.0,0.5,4,4,1,0,1,1,1,0,0,0.05,,,,,,,,,/dev/ttyACM36,stage_training_v2,Alexis,pv_nmdar_eranet,2AFC_2,Bpod6,334,36003,334,1.6.2,334_stage_training_v2_20220302-125047,2022-03-02,12:50:56.869847,13:07:59.111164,2,right bias,5.867321173031641e-10,9.924782263372455e-15,0.9999999994132551,[[0.64729305 0.1995623 ]]
9,0,0.0,1,0,0,,1.0,1.0,0.0,0.0,1,78.042332,86.725235,8.682902999999996,3.3181000000000003,4.3276,1.0095,4.485,4.6755,0.1905000000000001,aaa,aaa,1,,0,1,0,1,-70.0,-70.0,"[4.6755, 4.6774, 4.7108, 4.7805, 4.8824000000000005, 4.9972, 5.1081, 5.2121]","[4.6763, 4.7103, 4.7111, 4.8115000000000006, 4.9167000000000005, 5.029, 5.1385000000000005, 5.2422]",[],[],0.0074,0.008,20,1,0.5,2.0,0.5,4,4,1,0,1,1,1,0,0,0.05,,,,,,,,,/dev/ttyACM36,stage_training_v2,Alexis,pv_nmdar_eranet,2AFC_2,Bpod6,334,36003,334,1.6.2,334_stage_training_v2_20220302-125047,2022-03-02,12:50:56.869847,13:07:59.111164,2,right bias,5.823413577255562e-10,9.592614476257974e-10,0.9999999984583994,[[0.64729305 0.1995623 ]]
10,0,1.0,1,0,0,,1.0,1.0,0.0,1.0,1,86.75043199999999,95.458135,8.707702999999995,3.3181000000000003,4.3276,1.0095,4.485,4.7003,0.2153,aaa,aaa,1,,0,1,0,1,-70.0,70.0,"[4.7003, 4.8044, 4.9001, 5.0036000000000005, 5.1192, 5.238300000000001, 5.3585, 5.4729]","[4.736400000000001, 4.8303, 4.9326, 5.0387, 5.1521, 5.2706, 5.3933, 5.5092]",[],[],0.0074,0.008,20,1,0.5,2.0,0.5,4,4,1,0,1,1,1,0,0,0.05,,,,,,,,,/dev/ttyACM36,stage_training_v2,Alexis,pv_nmdar_eranet,2AFC_2,Bpod6,334,36003,334,1.6.2,334_stage_training_v2_20220302-125047,2022-03-02,12:50:56.869847,13:07:59.111164,2,right bias,1.0449901336072634e-09,8.069688608371029e-10,0.9999999981480414,[[0.64729305 0.1995623 ]]
11,1,0.0,1,0,0,,1.0,1.0,1.0,0.0,1,95.471932,104.186235,8.714303000000001,3.3206,4.3301,1.0094999999999996,4.4881,4.7063000000000015,0.2182000000000004,iaa,iaa,1,,0,0,1,1,70.0,-70.0,[],[],"[4.706300000000001, 4.811, 4.9270000000000005, 5.043, 5.1616, 5.274900000000001, 5.4004]","[4.7226, 4.836, 4.954000000000001, 5.0731, 5.1988, 5.316400000000001, 5.4416]",0.0074,0.008,20,1,0.5,2.0,0.5,4,4,1,0,1,1,1,0,0,0.05,,,,,,,,,/dev/ttyACM36,stage_training_v2,Alexis,pv_nmdar_eranet,2AFC_2,Bpod6,334,36003,334,1.6.2,334_stage_training_v2_20220302-125047,2022-03-02,12:50:56.869847,13:07:59.111164,2,right bias,1.8519400421977348e-09,2.3370061134441106e-14,0.9999999981480343,[[0.64729305 0.1995623 ]]
12,0,0.0,1,0,0,,1.0,1.0,0.0,0.0,1,104.21753199999999,112.91023500000001,8.692702999999995,3.3181000000000003,4.3276,1.0095,4.485,4.6853,0.2002999999999994,aaa,aaa,1,,0,1,0,1,-70.0,-70.0,"[4.6853, 4.6871, 4.7885, 4.8863, 4.9991, 5.1214, 5.2335]","[4.6862, 4.7212000000000005, 4.8143, 4.9187, 5.034800000000001, 5.1569, 5.2664]",[],[],0.0074,0.008,20,1,0.5,2.0,0.5,4,4,1,0,1,1,1,0,0,0.05,,,,,,,,,/dev/ttyACM36,stage_training_v2,Alexis,pv_nmdar_eranet,2AFC_2,Bpod6,334,36003,334,1.6.2,334_stage_training_v2_20220302-125047,2022-03-02,12:50:56.869847,13:07:59.111164,2,right bias,1.84518055408368e-09,3.376291246912164e-10,0.9999999978171914,[[0.64729305 0.1995623 ]]
13,1,0.0,1,0,0,,1.0,1.0,1.0,0.0,1,112.976432,121.68453500000001,8.708102999999994,3.3206,4.3301,1.0094999999999996,4.4881,4.7001,0.2119999999999997,iaa,iaa,1,,0,0,1,1,70.0,-70.0,[],[],"[4.7001, 4.8047, 4.9106000000000005, 5.027200000000001, 5.1469000000000005, 5.2687, 5.3950000000000005, 5.5225]","[4.719, 4.825200000000001, 4.9377, 5.0585, 5.184200000000001, 5.309, 5.4356, 5.5637]",0.0074,0.008,20,1,0.5,2.0,0.5,4,4,1,0,1,1,1,0,0,0.05,,,,,,,,,/dev/ttyACM36,stage_training_v2,Alexis,pv_nmdar_eranet,2AFC_2,Bpod6,334,36003,334,1.6.2,334_stage_training_v2_20220302-125047,2022-03-02,12:50:56.869847,13:07:59.111164,2,right bias,2.182789396017138e-09,3.224461017403301e-14,0.9999999978171772,[[0.64729305 0.1995623 ]]
14,0,0.0,1,0,0,,1.0,1.0,0.0,0.0,1,121.69713200000001,130.386435,8.68930300000001,3.3181000000000003,4.3276,1.0095,4.485,4.6819000000000015,0.1969000000000003,aaa,aaa,1,,0,1,0,1,-70.0,-70.0,"[4.681900000000001, 4.785200000000001, 4.8878, 4.9978, 5.1097]","[4.720000000000001, 4.8151, 4.9198, 5.0294, 5.1399]",[],[],0.0074,0.008,20,1,0.5,2.0,0.5,4,4,1,0,1,1,1,0,0,0.05,,,,,,,,,/dev/ttyACM36,stage_training_v2,Alexis,pv_nmdar_eranet,2AFC_2,Bpod6,334,36003,334,1.6.2,334_stage_training_v2_20220302-125047,2022-03-02,12:50:56.869847,13:07:59.111164,2,right bias,2.1513188290553837e-09,1.42256661490413e-09,0.9999999964261121,[[0.64729305 0.1995623 ]]
15,0,1.0,1,0,0,,1.0,1.0,0.0,1.0,1,130.397232,139.083435,8.686203000000006,3.3181000000000003,4.3276,1.0095,4.485,4.6788,0.1937999999999995,aaa,aaa,1,,0,1,0,1,-70.0,70.0,"[4.6788, 4.6806, 4.6865000000000006, 4.7842, 4.8805000000000005, 4.9894, 5.0994, 5.2098]","[4.6794, 4.6808000000000005, 4.7075000000000005, 4.8072, 4.9106000000000005, 5.019, 5.1269, 5.2374]",[],[],0.0074,0.008,20,1,0.5,2.0,0.5,4,4,1,0,1,1,1,0,0,0.05,,,,,,,,,/dev/ttyACM36,stage_training_v2,Alexis,pv_nmdar_eranet,2AFC_2,Bpod6,334,36003,334,1.6.2,334_stage_training_v2_20220302-125047,2022-03-02,12:50:56.869847,13:07:59.111164,2,right bias,2.482133036368823e-09,1.7511753610360408e-09,0.999999995766693,[[0.64729305 0.1995623 ]]
16,1,0.0,0,1,0,,0.0,1.0,0.0,1.0,1,139.123332,149.876835,10.753502999999995,3.3206,4.3301,1.0094999999999996,4.4881,4.7440000000000015,0.2559000000000004,iaa,iaa,1,,0,0,1,1,70.0,-70.0,"[4.744000000000001, 4.8508, 4.9759]","[4.7672, 4.8857, 5.0061]",[],[],0.0074,0.008,20,1,0.5,2.0,0.5,4,4,1,0,1,1,1,0,0,0.05,,,,,,,,,/dev/ttyACM36,stage_training_v2,Alexis,pv_nmdar_eranet,2AFC_2,Bpod6,334,36003,334,1.6.2,334_stage_training_v2_20220302-125047,2022-03-02,12:50:56.869847,13:07:59.111164,2,right bias,3.0773496968672344e-09,1.4266524172016224e-09,0.9999999954959975,[[0.64729305 0.1995623 ]]
17,1,0.0,1,0,0,,1.0,0.0,1.0,0.0,1,149.906832,158.649235,8.742402999999996,3.3206,4.3301,1.0094999999999996,4.4881,4.7344,0.2462999999999997,iaa,iaa,1,,0,0,1,1,70.0,-70.0,[],[],"[4.7344, 4.8419, 4.9433, 5.0633, 5.1865000000000006, 5.3174, 5.4368]","[4.760400000000001, 4.8662, 4.9762, 5.0961, 5.228400000000001, 5.3573, 5.4819]",0.0074,0.008,20,1,0.5,2.0,0.5,4,4,1,0,1,1,1,0,0,0.05,,,,,,,,,/dev/ttyACM36,stage_training_v2,Alexis,pv_nmdar_eranet,2AFC_2,Bpod6,334,36003,334,1.6.2,334_stage_training_v2_20220302-125047,2022-03-02,12:50:56.869847,13:07:59.111164,2,right bias,4.503967785692449e-09,3.5329298585701896e-14,0.9999999954959975,[[0.64729305 0.1995623 ]]
18,0,0.0,1,0,0,,1.0,1.0,0.0,0.0,1,158.669632,167.368535,8.698903000000001,3.3181000000000003,4.3276,1.0095,4.485,4.6915,0.2065000000000001,aaa,aaa,1,,0,1,0,1,-70.0,-70.0,"[4.6915, 4.6957, 4.7936000000000005, 4.8996, 4.9998000000000005, 5.1067, 5.2184]","[4.6954, 4.7215, 4.8165, 4.925800000000001, 5.0316, 5.1407, 5.2471000000000005]",[],[],0.0074,0.008,20,1,0.5,2.0,0.5,4,4,1,0,1,1,1,0,0,0.05,,,,,,,,,/dev/ttyACM36,stage_training_v2,Alexis,pv_nmdar_eranet,2AFC_2,Bpod6,334,36003,334,1.6.2,334_stage_training_v2_20220302-125047,2022-03-02,12:50:56.869847,13:07:59.111164,2,right bias,4.4875180085954385e-09,1.5841949734450244e-10,0.9999999953540595,[[0.64729305 0.1995623 ]]
19,1,0.0,1,0,0,,1.0,1.0,1.0,0.0,1,167.391132,176.095335,8.704203000000009,3.3206,4.3301,1.0094999999999996,4.4881,4.6962,0.2080999999999999,iaa,iaa,1,,0,0,1,1,70.0,-70.0,[],[],"[4.6962, 4.8042, 4.9137, 5.0384, 5.154100000000001, 5.2807, 5.4009]","[4.7316, 4.8307, 4.942, 5.0679, 5.1991000000000005, 5.3217, 5.449]",0.0074,0.008,20,1,0.5,2.0,0.5,4,4,1,0,1,1,1,0,0,0.05,,,,,,,,,/dev/ttyACM36,stage_training_v2,Alexis,pv_nmdar_eranet,2AFC_2,Bpod6,334,36003,334,1.6.2,334_stage_training_v2_20220302-125047,2022-03-02,12:50:56.869847,13:07:59.111164,2,right bias,4.64593064933383e-09,8.469850070133413e-15,0.9999999953540595,[[0.64729305 0.1995623 ]]
20,1,1.0,0,1,0,,0.0,1.0,0.0,0.0,1,176.133832,186.860135,10.726303,3.3206,4.3301,1.0094999999999996,4.4801,4.7168,0.2366999999999999,iaa,iaa,1,,0,0,1,1,70.0,70.0,[4.7168],[4.7573],[],[],0.0074,0.008,20,0,0.5,2.0,0.5,4,4,1,0,1,1,1,0,0,0.05,,,,,,,,,/dev/ttyACM36,stage_training_v2,Alexis,pv_nmdar_eranet,2AFC_2,Bpod6,334,36003,334,1.6.2,334_stage_training_v2_20220302-125047,2022-03-02,12:50:56.869847,13:07:59.111164,2,right bias,4.6162302913511405e-09,2.942940457580149e-10,0.9999999950894747,[[0.64729305 0.1995623 ]]
21,1,0.0,1,0,0,,1.0,0.0,1.0,0.0,1,186.878232,195.633035,8.75480300000001,3.3206,4.3301,1.0094999999999996,4.4801,4.7468,0.2667000000000001,iaa,iaa,1,,0,0,1,1,70.0,-70.0,[6.0288],[6.0628],"[4.7468, 4.8607000000000005, 4.9745, 5.089700000000001, 5.2309]","[4.7837000000000005, 4.8925, 5.0091, 5.1287, 5.2443]",0.0074,0.008,20,0,0.5,2.0,0.5,4,4,1,0,1,1,1,0,0,0.05,,,,,,,,,/dev/ttyACM36,stage_training_v2,Alexis,pv_nmdar_eranet,2AFC_2,Bpod6,334,36003,334,1.6.2,334_stage_training_v2_20220302-125047,2022-03-02,12:50:56.869847,13:07:59.111164,2,right bias,4.910519410763403e-09,4.430379659357425e-15,0.9999999950894747,[[0.64729305 0.1995623 ]]
22,1,1.0,1,0,0,,1.0,1.0,1.0,1.0,1,195.662032,204.423135,8.761102999999991,3.3264,4.3359000000000005,1.0095000000000005,4.4859,4.7531,0.2671999999999999,hog,hog,1,,0,0,1,1,8.0,8.0,[],[],"[4.7531, 4.8648, 4.8686, 4.965, 5.0758, 5.190300000000001, 5.307]","[4.7755, 4.867500000000001, 4.879700000000001, 4.9971000000000005, 5.1126000000000005, 5.229900000000001, 5.3449]",0.0074,0.008,20,0,0.5,2.0,0.5,4,4,1,0,1,1,1,0,0,0.05,,,,,,,,,/dev/ttyACM36,stage_training_v2,Alexis,pv_nmdar_eranet,2AFC_2,Bpod6,334,36003,334,1.6.2,334_stage_training_v2_20220302-125047,2022-03-02,12:50:56.869847,13:07:59.111164,2,right bias,4.910522680175763e-09,1.9351587747514488e-15,0.9999999950894747,[[0.64729305 0.1995623 ]]
24,1,,1,0,0,,1.0,,1.0,,1,213.96843199999998,222.700535,8.732102999999995,3.3206,4.3301,1.0094999999999996,4.4801,4.7241,0.2439999999999997,iaa,iaa,1,,0,0,1,1,70.0,,[],[],"[4.7241, 4.8404, 4.946000000000001, 5.05]","[4.7583, 4.8785, 4.9815000000000005, 5.0951]",0.0074,0.008,20,0,0.5,2.0,0.5,4,4,1,0,1,1,1,0,0,0.05,,,,,,,,,/dev/ttyACM36,stage_training_v2,Alexis,pv_nmdar_eranet,2AFC_2,Bpod6,334,36003,334,1.6.2,334_stage_training_v2_20220302-125047,2022-03-02,12:50:56.869847,13:07:59.111164,2,right bias,4.9105241362500585e-09,4.609634554046879e-15,0.9999999950894747,[[0.64729305 0.1995623 ]]
25,1,1.0,1,0,0,,1.0,1.0,1.0,1.0,1,222.71563199999997,231.436035,8.720403000000005,3.3206,4.3301,1.0094999999999996,4.4801,4.7124000000000015,0.2323000000000004,iaa,iaa,1,,0,0,1,1,70.0,70.0,[],[],"[4.712400000000001, 4.821400000000001, 4.9255, 5.0318000000000005, 5.1606000000000005]","[4.7473, 4.8601, 4.9670000000000005, 5.0779000000000005, 5.2047]",0.0074,0.008,20,0,0.5,2.0,0.5,4,4,1,0,1,1,1,0,0,0.05,,,,,,,,,/dev/ttyACM36,stage_training_v2,Alexis,pv_nmdar_eranet,2AFC_2,Bpod6,334,36003,334,1.6.2,334_stage_training_v2_20220302-125047,2022-03-02,12:50:56.869847,13:07:59.111164,2,right bias,4.9105280494846774e-09,2.0609136351543488e-14,0.9999999950894534,[[0.64729305 0.1995623 ]]
26,1,1.0,0,1,0,,0.0,1.0,0.0,0.0,1,231.458632,242.240835,10.78220300000001,3.3206,4.3301,1.0094999999999996,4.4801,4.7727,0.2926000000000002,iaa,iaa,1,,0,0,1,1,70.0,70.0,[4.7727],[4.7975],[],[],0.0074,0.008,20,0,0.5,2.0,0.5,4,4,1,0,1,1,1,0,0,0.05,,,,,,,,,/dev/ttyACM36,stage_training_v2,Alexis,pv_nmdar_eranet,2AFC_2,Bpod6,334,36003,334,1.6.2,334_stage_training_v2_20220302-125047,2022-03-02,12:50:56.869847,13:07:59.111164,2,right bias,4.879140720282907e-09,1.876099564968415e-09,0.9999999932447565,[[0.64729305 0.1995623 ]]
27,0,1.0,0,1,0,,0.0,0.0,1.0,0.0,1,242.270232,252.99973500000002,10.729502999999994,3.3181000000000003,4.3276,1.0095,4.4776,4.7200000000000015,0.2424000000000008,aaa,aaa,1,,0,1,0,1,-70.0,70.0,[],[],[4.720000000000001],[4.7498000000000005],0.0074,0.008,20,0,0.5,2.0,0.5,4,4,1,0,1,1,1,0,0,0.05,,,,,,,,,/dev/ttyACM36,stage_training_v2,Alexis,pv_nmdar_eranet,2AFC_2,Bpod6,334,36003,334,1.6.2,334_stage_training_v2_20220302-125047,2022-03-02,12:50:56.869847,13:07:59.111164,2,right bias,6.755198881270913e-09,5.3686629838611545e-14,0.9999999932447494,[[0.64729305 0.1995623 ]]
28,1,1.0,1,0,0,,1.0,0.0,1.0,1.0,1,253.027832,261.840035,8.812203000000013,3.3206,4.3301,1.0094999999999996,4.4801,4.8042,0.3240999999999996,iaa,iaa,1,,0,0,1,1,70.0,70.0,[],[],"[4.8042, 4.9165, 5.0247, 5.1458, 5.2685, 5.3998]","[4.8382000000000005, 4.9473, 5.0614, 5.1827000000000005, 5.306, 5.437200000000001]",0.0074,0.008,20,0,0.5,2.0,0.5,4,4,1,0,1,1,1,0,0,0.05,,,,,,,,,/dev/ttyACM36,stage_training_v2,Alexis,pv_nmdar_eranet,2AFC_2,Bpod6,334,36003,334,1.6.2,334_stage_training_v2_20220302-125047,2022-03-02,12:50:56.869847,13:07:59.111164,2,right bias,6.755252342438213e-09,1.0851326405964006e-13,0.9999999932446357,[[0.64729305 0.1995623 ]]
29,0,0.0,1,0,0,,1.0,1.0,0.0,0.0,1,261.881832,270.587035,8.70520300000004,3.3181000000000003,4.3276,1.0095,4.4776,4.6978,0.2202000000000001,aaa,aaa,1,,0,1,0,1,-70.0,-70.0,"[4.6978, 4.8162, 4.9188, 5.0182, 5.129700000000001, 5.2453]","[4.7404, 4.8468, 4.9476, 5.049, 5.1633, 5.2732]",[],[],0.0074,0.008,20,0,0.5,2.0,0.5,4,4,1,0,1,1,1,0,0,0.05,,,,,,,,,/dev/ttyACM36,stage_training_v2,Alexis,pv_nmdar_eranet,2AFC_2,Bpod6,334,36003,334,1.6.2,334_stage_training_v2_20220302-125047,2022-03-02,12:50:56.869847,13:07:59.111164,2,right bias,6.730606463035613e-09,7.884960358357183e-09,0.9999999853844344,[[0.64729305 0.1995623 ]]
30,0,1.0,0,1,0,,0.0,1.0,1.0,0.0,1,270.59973199999996,281.340934,10.741201999999989,3.3321,4.3416000000000015,1.0095000000000005,4.4916,4.7317,0.2400999999999999,dsz,dsz,1,,0,1,1,2,-2.0,2.0,[],[],[4.7317],[4.7465],0.0074,0.008,20,0,0.5,2.0,0.5,4,4,1,0,1,1,1,0,0,0.05,,,,,,,,,/dev/ttyACM36,stage_training_v2,Alexis,pv_nmdar_eranet,2AFC_2,Bpod6,334,36003,334,1.6.2,334_stage_training_v2_20220302-125047,2022-03-02,12:50:56.869847,13:07:59.111164,2,right bias,1.4614520643585973e-08,1.7023755217597295e-12,0.9999999853837735,[[0.64729305 0.1995623 ]]
31,1,1.0,0,1,0,,0.0,0.0,0.0,0.0,1,281.55033199999997,292.742035,11.191702999999961,3.3206,4.3301,1.0094999999999996,4.4801,5.1822,0.7020999999999997,iaa,iaa,1,,0,0,1,1,70.0,70.0,[5.1822],[5.2217],[],[],0.0074,0.008,20,0,0.5,2.0,0.5,4,4,1,0,1,1,1,0,0,0.05,,,,,,,,,/dev/ttyACM36,stage_training_v2,Alexis,pv_nmdar_eranet,2AFC_2,Bpod6,334,36003,334,1.6.2,334_stage_training_v2_20220302-125047,2022-03-02,12:50:56.869847,13:07:59.111164,2,right bias,1.417921589649573e-08,1.4485220350562128e-07,0.9999998409685829,[[0.64729305 0.1995623 ]]
32,1,0.0,0,1,0,,0.0,0.0,0.0,1.0,1,292.76323199999996,303.489235,10.726002999999992,3.3206,4.3301,1.0094999999999996,4.4801,4.7165,0.2363999999999997,iaa,iaa,1,,0,0,1,1,70.0,-70.0,[4.7165],[4.7542],[],[],0.0074,0.008,20,0,0.5,2.0,0.5,4,4,1,0,1,1,1,0,0,0.05,,,,,,,,,/dev/ttyACM36,stage_training_v2,Alexis,pv_nmdar_eranet,2AFC_2,Bpod6,334,36003,334,1.6.2,334_stage_training_v2_20220302-125047,2022-03-02,12:50:56.869847,13:07:59.111164,2,right bias,4.394416649561892e-08,1.5061584389637269e-07,0.9999998054399886,[[0.64729305 0.1995623 ]]
33,0,1.0,1,0,0,,1.0,0.0,0.0,1.0,1,303.500032,312.258335,8.758303000000014,3.3181000000000003,4.3276,1.0095,4.4776,4.7509000000000015,0.2733000000000007,aaa,aaa,1,,0,1,0,1,-70.0,70.0,"[4.750900000000001, 4.8721000000000005, 4.984100000000001, 5.089700000000001, 5.1921, 5.2946]","[4.7945, 4.9026000000000005, 5.0131000000000006, 5.119400000000001, 5.2216000000000005, 5.3249]",[],[],0.0074,0.008,20,0,0.5,2.0,0.5,4,4,1,0,1,1,1,0,0,0.05,,,,,,,,,/dev/ttyACM36,stage_training_v2,Alexis,pv_nmdar_eranet,2AFC_2,Bpod6,334,36003,334,1.6.2,334_stage_training_v2_20220302-125047,2022-03-02,12:50:56.869847,13:07:59.111164,2,right bias,1.1675899727953134e-07,8.348112784490101e-08,0.9999997997598756,[[0.64729305 0.1995623 ]]
34,1,0.0,1,0,0,,1.0,1.0,1.0,0.0,1,312.280132,321.03373500000004,8.753602999999998,3.3206,4.3301,1.0094999999999996,4.4801,4.7456000000000005,0.2655000000000003,iaa,iaa,1,,0,0,1,1,70.0,-70.0,[],[],"[4.7456000000000005, 4.847300000000001, 4.8497, 4.9489, 4.9501, 5.058, 5.178, 5.304600000000001]","[4.7625, 4.8481000000000005, 4.8681, 4.9495000000000005, 4.9829, 5.0955, 5.2179, 5.3383]",0.0074,0.008,20,0,0.5,2.0,0.5,4,4,1,0,1,1,1,0,0,0.05,,,,,,,,,/dev/ttyACM36,stage_training_v2,Alexis,pv_nmdar_eranet,2AFC_2,Bpod6,334,36003,334,1.6.2,334_stage_training_v2_20220302-125047,2022-03-02,12:50:56.869847,13:07:59.111164,2,right bias,2.0023742706839448e-07,2.812635650329408e-12,0.9999997997597619,[[0.64729305 0.1995623 ]]
35,1,1.0,0,1,0,,0.0,1.0,0.0,0.0,1,321.096633,331.794635,10.698002000000029,3.3206,4.3301,1.0094999999999996,4.4801,4.6885,0.2084000000000001,iaa,iaa,1,,0,0,1,1,70.0,70.0,"[4.6885, 4.8259]","[4.7179, 4.8616]",[],[],0.0074,0.008,20,0,0.5,2.0,0.5,4,4,1,0,1,1,1,0,0,0.05,,,,,,,,,/dev/ttyACM36,stage_training_v2,Alexis,pv_nmdar_eranet,2AFC_2,Bpod6,334,36003,334,1.6.2,334_stage_training_v2_20220302-125047,2022-03-02,12:50:56.869847,13:07:59.111164,2,right bias,1.9895823040452214e-07,1.1870607988146449e-08,0.9999997891711638,[[0.64729305 0.1995623 ]]
37,0,,0,1,0,,0.0,,1.0,,1,341.35603199999997,352.122635,10.766602999999977,3.3181000000000003,4.3276,1.0095,4.4776,4.7571,0.2795000000000005,aaa,aaa,1,,0,1,0,1,-70.0,,[],[],[4.7571],[4.7717],0.0074,0.008,20,0,0.5,2.0,0.5,4,4,1,0,1,1,1,0,0,0.05,,,,,,,,,/dev/ttyACM36,stage_training_v2,Alexis,pv_nmdar_eranet,2AFC_2,Bpod6,334,36003,334,1.6.2,334_stage_training_v2_20220302-125047,2022-03-02,12:50:56.869847,13:07:59.111164,2,right bias,2.1082856362490125e-07,3.450020067510119e-13,0.9999997891710928,[[0.64729305 0.1995623 ]]
38,1,1.0,1,0,0,,1.0,0.0,1.0,1.0,1,352.164432,360.97103500000003,8.806602999999997,3.3206,4.3301,1.0094999999999996,4.4801,4.7986,0.3185000000000002,iaa,iaa,1,,0,0,1,1,70.0,70.0,[],[],"[4.7986, 4.9329, 4.9351, 5.0259, 5.143000000000001, 5.2773, 5.404, 5.5429]","[4.8462000000000005, 4.9349, 4.9431, 5.0599, 5.1821, 5.3115000000000006, 5.445, 5.586]",0.0074,0.008,20,0,0.5,2.0,0.5,4,4,1,0,1,1,1,0,0,0.05,,,,,,,,,/dev/ttyACM36,stage_training_v2,Alexis,pv_nmdar_eranet,2AFC_2,Bpod6,334,36003,334,1.6.2,334_stage_training_v2_20220302-125047,2022-03-02,12:50:56.869847,13:07:59.111164,2,right bias,2.1082888706304334e-07,8.814992121793015e-13,0.999999789170233,[[0.64729305 0.1995623 ]]
39,1,1.0,0,1,0,,0.0,1.0,0.0,0.0,1,361.002232,371.807435,10.805203000000004,3.3206,4.3301,1.0094999999999996,4.4801,4.7957,0.3155999999999999,iaa,iaa,1,,0,0,1,1,70.0,70.0,"[4.7957, 4.9325]","[4.8342, 4.9652]",[],[],0.0074,0.008,20,0,0.5,2.0,0.5,4,4,1,0,1,1,1,0,0,0.05,,,,,,,,,/dev/ttyACM36,stage_training_v2,Alexis,pv_nmdar_eranet,2AFC_2,Bpod6,334,36003,334,1.6.2,334_stage_training_v2_20220302-125047,2022-03-02,12:50:56.869847,13:07:59.111164,2,right bias,2.0948129182525329e-07,8.024183467224774e-08,0.9999997102768738,[[0.64729305 0.1995623 ]]
40,1,0.0,1,0,0,,1.0,0.0,1.0,0.0,1,371.840032,380.589135,8.749102999999991,3.3206,4.3301,1.0094999999999996,4.4801,4.7411,0.2610000000000001,iaa,iaa,1,,0,0,1,1,70.0,-70.0,[],[],"[4.7411, 4.8586, 4.9649, 5.086, 5.2053, 5.3418, 5.498200000000001]","[4.7807, 4.883500000000001, 5.004300000000001, 5.1262, 5.2466, 5.380800000000001, 5.5064]",0.0074,0.008,20,0,0.5,2.0,0.5,4,4,1,0,1,1,1,0,0,0.05,,,,,,,,,/dev/ttyACM36,stage_training_v2,Alexis,pv_nmdar_eranet,2AFC_2,Bpod6,334,36003,334,1.6.2,334_stage_training_v2_20220302-125047,2022-03-02,12:50:56.869847,13:07:59.111164,2,right bias,2.897205245542114e-07,3.3904116753911143e-12,0.9999997102760851,[[0.64729305 0.1995623 ]]
41,1,1.0,0,1,0,,0.0,1.0,0.0,0.0,1,380.610932,391.405235,10.794303000000014,3.3206,4.3301,1.0094999999999996,4.4801,4.7848000000000015,0.3047000000000004,iaa,iaa,1,,0,0,1,1,70.0,70.0,[4.784800000000001],[4.8298000000000005],[],[],0.0074,0.008,20,0,0.5,2.0,0.5,4,4,1,0,1,1,1,0,0,0.05,,,,,,,,,/dev/ttyACM36,stage_training_v2,Alexis,pv_nmdar_eranet,2AFC_2,Bpod6,334,36003,334,1.6.2,334_stage_training_v2_20220302-125047,2022-03-02,12:50:56.869847,13:07:59.111164,2,right bias,2.878694405304381e-07,7.419450243524443e-08,0.9999996379360583,[[0.64729305 0.1995623 ]]
42,0,1.0,0,1,0,,0.0,0.0,1.0,0.0,1,391.421432,402.23753500000004,10.816102999999998,3.3181000000000003,4.3276,1.0095,4.4776,4.8066,0.3290000000000006,aaa,aaa,1,,0,1,0,1,-70.0,70.0,[],[],[4.8066],[4.8371],0.0074,0.008,20,0,0.5,2.0,0.5,4,4,1,0,1,1,1,0,0,0.05,,,,,,,,,/dev/ttyACM36,stage_training_v2,Alexis,pv_nmdar_eranet,2AFC_2,Bpod6,334,36003,334,1.6.2,334_stage_training_v2_20220302-125047,2022-03-02,12:50:56.869847,13:07:59.111164,2,right bias,3.6206230684473437e-07,2.126124062400323e-12,0.999999637935568,[[0.64729305 0.1995623 ]]
43,1,1.0,1,0,0,,1.0,0.0,1.0,1.0,1,402.250032,411.037735,8.787703000000022,3.3206,4.3301,1.0094999999999996,4.4801,4.7797,0.2995999999999998,iaa,iaa,1,,0,0,1,1,70.0,70.0,[],[],"[4.7797, 4.9028, 5.0019, 5.123, 5.236400000000001, 5.3702000000000005, 5.5093000000000005]","[4.8171, 4.9285000000000005, 5.04, 5.1591000000000005, 5.2812, 5.4157, 5.550400000000001]",0.0074,0.008,20,0,0.5,2.0,0.5,4,4,1,0,1,1,1,0,0,0.05,,,,,,,,,/dev/ttyACM36,stage_training_v2,Alexis,pv_nmdar_eranet,2AFC_2,Bpod6,334,36003,334,1.6.2,334_stage_training_v2_20220302-125047,2022-03-02,12:50:56.869847,13:07:59.111164,2,right bias,3.6206443266012246e-07,2.073077421472175e-12,0.9999996379334932,[[0.64729305 0.1995623 ]]
45,0,,0,1,0,,0.0,,1.0,,1,420.58423200000004,431.36623499999996,10.782003000000033,3.3181000000000003,4.3276,1.0095,4.4776,4.7725,0.2949000000000001,aaa,aaa,1,,0,1,0,1,-70.0,,[],[],[4.7725],[4.7902000000000005],0.0074,0.008,20,0,0.5,2.0,0.5,4,4,1,0,1,1,1,0,0,0.05,,,,,,,,,/dev/ttyACM36,stage_training_v2,Alexis,pv_nmdar_eranet,2AFC_2,Bpod6,334,36003,334,1.6.2,334_stage_training_v2_20220302-125047,2022-03-02,12:50:56.869847,13:07:59.111164,2,right bias,3.6206650058331334e-07,6.3599514343107456e-12,0.999999637927141,[[0.64729305 0.1995623 ]]
47,1,,1,0,0,,1.0,,1.0,,1,440.94653200000005,449.708335,8.761802999999986,3.3206,4.3301,1.0094999999999996,4.4801,4.7538,0.2736999999999998,iaa,iaa,1,,0,0,1,1,70.0,,[],[],"[4.7538, 4.8837, 5.0019, 5.1227]","[4.7862, 4.918200000000001, 5.0417000000000005, 5.1809]",0.0074,0.008,20,0,0.5,2.0,0.5,4,4,1,0,1,1,1,0,0,0.05,,,,,,,,,/dev/ttyACM36,stage_training_v2,Alexis,pv_nmdar_eranet,2AFC_2,Bpod6,334,36003,334,1.6.2,334_stage_training_v2_20220302-125047,2022-03-02,12:50:56.869847,13:07:59.111164,2,right bias,3.6207297260522547e-07,1.2743170748890684e-10,0.9999996377995987,[[0.64729305 0.1995623 ]]
48,1,1.0,0,1,0,,0.0,1.0,0.0,0.0,1,449.736932,461.00693499999994,11.270002999999974,3.3206,4.3301,1.0094999999999996,4.4801,5.2605,0.7804000000000002,iaa,iaa,1,,0,0,1,1,70.0,70.0,[5.2605],[5.2885],[],[],0.0074,0.008,20,0,0.5,2.0,0.5,4,4,1,0,1,1,1,0,0,0.05,,,,,,,,,/dev/ttyACM36,stage_training_v2,Alexis,pv_nmdar_eranet,2AFC_2,Bpod6,334,36003,334,1.6.2,334_stage_training_v2_20220302-125047,2022-03-02,12:50:56.869847,13:07:59.111164,2,right bias,3.573714749381325e-07,1.4272020782265333e-05,0.9999853706077417,[[0.64729305 0.1995623 ]]
49,0,1.0,1,0,0,,1.0,0.0,0.0,1.0,1,461.028632,469.796835,8.768202999999971,3.3181000000000003,4.3276,1.0095,4.4776,4.7608000000000015,0.2832000000000008,aaa,aaa,1,,0,1,0,1,-70.0,70.0,"[4.760800000000001, 4.883500000000001, 4.9942, 5.109500000000001, 5.2193000000000005, 5.3318]","[4.8081000000000005, 4.92, 5.0316, 5.1448, 5.255800000000001, 5.3654]",[],[],0.0074,0.008,20,0,0.5,2.0,0.5,4,4,1,0,1,1,1,0,0,0.05,,,,,,,,,/dev/ttyACM36,stage_training_v2,Alexis,pv_nmdar_eranet,2AFC_2,Bpod6,334,36003,334,1.6.2,334_stage_training_v2_20220302-125047,2022-03-02,12:50:56.869847,13:07:59.111164,2,right bias,7.271095964939188e-06,9.639244726539196e-06,0.9999830896593085,[[0.64729305 0.1995623 ]]
50,0,1.0,0,1,0,,0.0,1.0,1.0,0.0,1,469.808032,480.55303499999997,10.745002999999995,3.3181000000000003,4.3276,1.0095,4.4776,4.7355,0.2579000000000002,aaa,aaa,1,,0,1,0,1,-70.0,70.0,[],[],[4.7355],[4.7588],0.0074,0.008,20,0,0.5,2.0,0.5,4,4,1,0,1,1,1,0,0,0.05,,,,,,,,,/dev/ttyACM36,stage_training_v2,Alexis,pv_nmdar_eranet,2AFC_2,Bpod6,334,36003,334,1.6.2,334_stage_training_v2_20220302-125047,2022-03-02,12:50:56.869847,13:07:59.111164,2,right bias,1.6910130320232367e-05,2.418033764672078e-10,0.9999830896278746,[[0.64729305 0.1995623 ]]
51,0,0.0,0,1,0,,0.0,0.0,1.0,1.0,1,480.57903200000004,491.354534,10.775502000000017,3.3181000000000003,4.3276,1.0095,4.4776,4.766,0.2884000000000002,aaa,aaa,1,,0,1,0,1,-70.0,-70.0,[],[],[4.766],[4.7826],0.0074,0.008,20,0,0.5,2.0,0.5,4,4,1,0,1,1,1,0,0,0.05,,,,,,,,,/dev/ttyACM36,stage_training_v2,Alexis,pv_nmdar_eranet,2AFC_2,Bpod6,334,36003,334,1.6.2,334_stage_training_v2_20220302-125047,2022-03-02,12:50:56.869847,13:07:59.111164,2,right bias,1.6910371737112493e-05,2.5579792538658684e-10,0.9999830893724673,[[0.64729305 0.1995623 ]]
52,0,0.0,0,1,0,,0.0,0.0,1.0,1.0,1,491.40923200000003,502.18423499999994,10.775003000000027,3.3181000000000003,4.3276,1.0095,4.4776,4.7655,0.2879000000000005,aaa,aaa,1,,0,1,0,1,-70.0,-70.0,[],[],[4.7655],[4.7914],0.0074,0.008,20,0,0.5,2.0,0.5,4,4,1,0,1,1,1,0,0,0.05,,,,,,,,,/dev/ttyACM36,stage_training_v2,Alexis,pv_nmdar_eranet,2AFC_2,Bpod6,334,36003,334,1.6.2,334_stage_training_v2_20220302-125047,2022-03-02,12:50:56.869847,13:07:59.111164,2,right bias,1.6910632135523125e-05,4.25529750879682e-09,0.9999830851125656,[[0.64729305 0.1995623 ]]
53,0,0.0,1,0,0,,1.0,0.0,0.0,0.0,1,502.195732,510.882235,8.68650299999996,3.3181000000000003,4.3276,1.0095,4.4776,4.6791,0.2015000000000002,aaa,aaa,1,,0,1,0,1,-70.0,-70.0,"[4.6791, 4.7977, 4.8897, 4.9923, 5.1079, 5.2235000000000005]","[4.719, 4.8189, 4.923500000000001, 5.0247, 5.1425, 5.2554]",[],[],0.0074,0.008,20,0,0.5,2.0,0.5,4,4,1,0,1,1,1,0,0,0.05,,,,,,,,,/dev/ttyACM36,stage_training_v2,Alexis,pv_nmdar_eranet,2AFC_2,Bpod6,334,36003,334,1.6.2,334_stage_training_v2_20220302-125047,2022-03-02,12:50:56.869847,13:07:59.111164,2,right bias,1.6850929417115904e-05,0.0008179467199619182,0.999165202350618,[[0.64729305 0.1995623 ]]
54,0,1.0,0,1,0,,0.0,1.0,1.0,0.0,1,510.893632,521.679535,10.785902999999962,3.3181000000000003,4.3276,1.0095,4.4776,4.7764000000000015,0.2988000000000008,aaa,aaa,1,,0,1,0,1,-70.0,70.0,[],[],[4.776400000000001],[4.7839],0.0074,0.008,20,0,0.5,2.0,0.5,4,4,1,0,1,1,1,0,0,0.05,,,,,,,,,/dev/ttyACM36,stage_training_v2,Alexis,pv_nmdar_eranet,2AFC_2,Bpod6,334,36003,334,1.6.2,334_stage_training_v2_20220302-125047,2022-03-02,12:50:56.869847,13:07:59.111164,2,right bias,0.0008347798584486085,2.90709276839925e-08,0.9991651910706268,[[0.64729305 0.1995623 ]]
55,1,1.0,1,0,0,,1.0,0.0,1.0,1.0,1,521.7340320000001,530.521035,8.787003000000027,3.3206,4.3301,1.0094999999999996,4.4801,4.779,0.2988999999999997,iaa,iaa,1,,0,0,1,1,70.0,70.0,[],[],"[4.779, 5.0219000000000005, 5.1422, 5.262700000000001, 5.4003000000000005]","[4.8144, 5.0555, 5.1851, 5.3075, 5.447500000000001]",0.0074,0.008,20,0,0.5,2.0,0.5,4,4,1,0,1,1,1,0,0,0.05,,,,,,,,,/dev/ttyACM36,stage_training_v2,Alexis,pv_nmdar_eranet,2AFC_2,Bpod6,334,36003,334,1.6.2,334_stage_training_v2_20220302-125047,2022-03-02,12:50:56.869847,13:07:59.111164,2,right bias,0.0008348067720403324,3.57032786642144e-06,0.9991616229000938,[[0.64729305 0.1995623 ]]
56,0,0.0,1,0,0,,1.0,1.0,0.0,0.0,1,530.543932,539.2559349999999,8.712002999999982,3.3181000000000003,4.3276,1.0095,4.4776,4.7046,0.2270000000000003,aaa,aaa,1,,0,1,0,1,-70.0,-70.0,"[4.7046, 4.8139, 4.9108, 5.0197, 5.1288, 5.242900000000001, 6.5213]","[4.743, 4.8381, 4.9415, 5.050800000000001, 5.1591000000000005, 5.2757000000000005, 6.543]",[],[],0.0074,0.008,20,0,0.5,2.0,0.5,4,4,1,0,1,1,1,0,0,0.05,,,,,,,,,/dev/ttyACM36,stage_training_v2,Alexis,pv_nmdar_eranet,2AFC_2,Bpod6,334,36003,334,1.6.2,334_stage_training_v2_20220302-125047,2022-03-02,12:50:56.869847,13:07:59.111164,2,right bias,0.0006199217982721151,0.49909988286441964,0.5002801953373092,[[0.64729305 0.1995623 ]]
57,1,0.0,0,1,0,,0.0,1.0,0.0,1.0,1,539.296732,549.978135,10.681402999999932,3.3206,4.3301,1.0094999999999996,4.4801,4.6719,0.1917999999999997,iaa,iaa,1,,0,0,1,1,70.0,-70.0,[4.6719],[4.7125],[],[],0.0074,0.008,20,0,0.5,2.0,0.5,4,4,1,0,1,1,1,0,0,0.05,,,,,,,,,/dev/ttyACM36,stage_training_v2,Alexis,pv_nmdar_eranet,2AFC_2,Bpod6,334,36003,334,1.6.2,334_stage_training_v2_20220302-125047,2022-03-02,12:50:56.869847,13:07:59.111164,1,left bias,0.003992275277963944,0.8080351510488379,0.1879725736732015,[[  0.77828914 -12.96021327]]
58,0,1.0,1,0,0,,1.0,0.0,0.0,1.0,1,550.0012320000001,558.728435,8.727203000000031,3.3181000000000003,4.3276,1.0095,4.4776,4.7198,0.2422000000000004,aaa,aaa,1,,0,1,0,1,-70.0,70.0,"[4.7198, 4.839700000000001, 4.9433, 5.0533, 5.1605, 5.277200000000001]","[4.7622, 4.8673, 4.9721, 5.0826, 5.1912, 5.3056]",[],[],0.0074,0.008,20,0,0.5,2.0,0.5,4,4,1,0,1,1,1,0,0,0.05,,,,,,,,,/dev/ttyACM36,stage_training_v2,Alexis,pv_nmdar_eranet,2AFC_2,Bpod6,334,36003,334,1.6.2,334_stage_training_v2_20220302-125047,2022-03-02,12:50:56.869847,13:07:59.111164,1,left bias,0.011089792461561535,0.8968254655880832,0.09208474195035417,[[  0.77828914 -12.96021327]]
59,1,0.0,0,1,0,,0.0,1.0,0.0,1.0,1,558.746432,569.650035,10.903602999999976,3.3206,4.3301,1.0094999999999996,4.4801,4.8941,0.4139999999999997,iaa,iaa,1,,0,0,1,1,70.0,-70.0,"[4.8941, 5.651000000000001, 5.8218000000000005, 5.9506000000000006, 6.0807, 6.2113000000000005, 6.354]","[4.9326, 5.673, 5.8682, 6.0012, 6.120500000000001, 6.2475000000000005, 6.3913]",[],[],0.0074,0.008,20,0,0.5,2.0,0.5,4,4,1,0,1,1,1,0,0,0.05,,,,,,,,,/dev/ttyACM36,stage_training_v2,Alexis,pv_nmdar_eranet,2AFC_2,Bpod6,334,36003,334,1.6.2,334_stage_training_v2_20220302-125047,2022-03-02,12:50:56.869847,13:07:59.111164,1,left bias,0.014174376079175948,0.9537557754177416,0.03206984850308388,[[  0.77828914 -12.96021327]]
60,1,0.0,0,1,0,,0.0,0.0,0.0,1.0,1,569.678932,580.460734,10.78180199999997,3.3206,4.3301,1.0094999999999996,4.4801,4.7723,0.2922000000000002,iaa,iaa,1,,0,0,1,1,70.0,-70.0,[4.7723],[4.8163],[],[],0.0074,0.008,20,0,0.5,2.0,0.5,4,4,1,0,1,1,1,0,0,0.05,,,,,,,,,/dev/ttyACM36,stage_training_v2,Alexis,pv_nmdar_eranet,2AFC_2,Bpod6,334,36003,334,1.6.2,334_stage_training_v2_20220302-125047,2022-03-02,12:50:56.869847,13:07:59.111164,1,left bias,0.02062405122493867,0.9657252271837813,0.013650721591278184,[[  0.77828914 -12.96021327]]
61,0,1.0,1,0,0,,1.0,0.0,0.0,1.0,1,580.477032,589.193735,8.716702999999939,3.3181000000000003,4.3276,1.0095,4.4776,4.7093,0.2317,aaa,aaa,1,,0,1,0,1,-70.0,70.0,"[4.7093, 4.8245000000000005, 4.927700000000001, 5.0425, 5.1483, 6.1441]","[4.7471000000000005, 4.8513, 4.964, 5.0779000000000005, 5.1803, 6.1826]",[],[],0.0074,0.008,20,0,0.5,2.0,0.5,4,4,1,0,1,1,1,0,0,0.05,,,,,,,,,/dev/ttyACM36,stage_training_v2,Alexis,pv_nmdar_eranet,2AFC_2,Bpod6,334,36003,334,1.6.2,334_stage_training_v2_20220302-125047,2022-03-02,12:50:56.869847,13:07:59.111164,1,left bias,0.032772687750599494,0.9591962393337983,0.008031072915604372,[[  0.77828914 -12.96021327]]
62,0,1.0,1,0,0,,1.0,1.0,0.0,1.0,1,589.205432,598.060135,8.854702999999972,3.3181000000000003,4.3276,1.0095,4.4776,4.8473000000000015,0.3697000000000008,aaa,aaa,1,,0,1,0,1,-70.0,70.0,"[4.847300000000001, 4.9645, 5.071000000000001, 5.1742, 5.283]","[4.8913, 4.998, 5.102, 5.2066, 5.3197]",[],[],0.0074,0.008,20,0,0.5,2.0,0.5,4,4,1,0,1,1,1,0,0,0.05,,,,,,,,,/dev/ttyACM36,stage_training_v2,Alexis,pv_nmdar_eranet,2AFC_2,Bpod6,334,36003,334,1.6.2,334_stage_training_v2_20220302-125047,2022-03-02,12:50:56.869847,13:07:59.111164,1,left bias,0.04005042551783791,0.9554115723647367,0.004538002117424654,[[  0.77828914 -12.96021327]]
63,0,1.0,1,0,0,,1.0,1.0,0.0,1.0,1,598.072432,606.738035,8.665602999999921,3.3181000000000003,4.3276,1.0095,4.4776,4.6582,0.1806000000000001,aaa,aaa,1,,0,1,0,1,-70.0,70.0,"[4.6582, 4.764, 4.8647, 4.9706, 5.0834]","[4.6938, 4.7921000000000005, 4.8898, 5.0048, 5.1122000000000005]",[],[],0.0074,0.008,20,0,0.5,2.0,0.5,4,4,1,0,1,1,1,0,0,0.05,,,,,,,,,/dev/ttyACM36,stage_training_v2,Alexis,pv_nmdar_eranet,2AFC_2,Bpod6,334,36003,334,1.6.2,334_stage_training_v2_20220302-125047,2022-03-02,12:50:56.869847,13:07:59.111164,1,left bias,0.04251493553326575,0.9551233212666769,0.0023617432000564136,[[  0.77828914 -12.96021327]]
64,0,1.0,1,0,0,,1.0,1.0,0.0,1.0,1,606.7666320000001,615.635235,8.86860300000001,3.3271,4.3366,1.0094999999999996,4.4866,4.8612,0.3746,elo,elo,1,,0,1,1,2,0.0,0.0,"[4.8612, 4.988300000000001, 5.0974, 5.208600000000001, 5.3108, 5.4177]","[4.9048, 5.016, 5.132000000000001, 5.238, 5.3409, 5.444500000000001]",[],[],0.0074,0.008,20,0,0.5,2.0,0.5,4,4,1,0,1,1,1,0,0,0.05,,,,,,,,,/dev/ttyACM36,stage_training_v2,Alexis,pv_nmdar_eranet,2AFC_2,Bpod6,334,36003,334,1.6.2,334_stage_training_v2_20220302-125047,2022-03-02,12:50:56.869847,13:07:59.111164,1,left bias,0.040167742301500914,0.9588298056603294,0.0010024520381705572,[[  0.77828914 -12.96021327]]
65,1,0.0,0,1,0,,0.0,1.0,0.0,1.0,1,615.654132,626.829435,11.175302999999984,3.3206,4.3301,1.0094999999999996,4.4801,5.1658,0.6856999999999998,iaa,iaa,1,,0,0,1,1,70.0,-70.0,"[5.1658, 5.2835, 5.3907]","[5.211600000000001, 5.3177, 5.424]",[],[],0.0074,0.008,20,0,0.5,2.0,0.5,4,4,1,0,1,1,1,0,0,0.05,,,,,,,,,/dev/ttyACM36,stage_training_v2,Alexis,pv_nmdar_eranet,2AFC_2,Bpod6,334,36003,334,1.6.2,334_stage_training_v2_20220302-125047,2022-03-02,12:50:56.869847,13:07:59.111164,1,left bias,0.0362070884951088,0.9634178225498995,0.0003750889549928973,[[  0.77828914 -12.96021327]]
66,0,1.0,1,0,0,,1.0,0.0,0.0,1.0,1,626.8843320000001,635.582635,8.69830300000001,3.3181000000000003,4.3276,1.0095,4.4776,4.6909,0.2133000000000002,aaa,aaa,1,,0,1,0,1,-70.0,70.0,"[4.6909, 4.807, 4.9082, 5.0096, 5.1145000000000005, 5.2317]","[4.7291, 4.8346, 4.9417, 5.042800000000001, 5.1471, 5.2663]",[],[],0.0074,0.008,20,0,0.5,2.0,0.5,4,4,1,0,1,1,1,0,0,0.05,,,,,,,,,/dev/ttyACM36,stage_training_v2,Alexis,pv_nmdar_eranet,2AFC_2,Bpod6,334,36003,334,1.6.2,334_stage_training_v2_20220302-125047,2022-03-02,12:50:56.869847,13:07:59.111164,1,left bias,0.039787110905427164,0.9600300342020625,0.00018285489251190985,[[  0.77828914 -12.96021327]]
67,1,0.0,0,1,0,,0.0,1.0,0.0,1.0,1,635.620132,646.309135,10.689002999999957,3.3206,4.3301,1.0094999999999996,4.4801,4.6795,0.1993999999999998,iaa,iaa,1,,0,0,1,1,70.0,-70.0,"[4.6795, 4.7981]","[4.714, 4.8377]",[],[],0.0074,0.008,20,0,0.5,2.0,0.5,4,4,1,0,1,1,1,0,0,0.05,,,,,,,,,/dev/ttyACM36,stage_training_v2,Alexis,pv_nmdar_eranet,2AFC_2,Bpod6,334,36003,334,1.6.2,334_stage_training_v2_20220302-125047,2022-03-02,12:50:56.869847,13:07:59.111164,1,left bias,0.0384290786353183,0.9615081211960511,6.280016862738112e-05,[[  0.77828914 -12.96021327]]
68,1,0.0,0,1,0,,0.0,0.0,0.0,1.0,1,646.368232,657.0665349999999,10.69830300000001,3.3206,4.3301,1.0094999999999996,4.4801,4.6888000000000005,0.2087000000000003,iaa,iaa,1,,0,0,1,1,70.0,-70.0,"[4.6888000000000005, 4.8293]","[4.7330000000000005, 4.8784]",[],[],0.0074,0.008,20,0,0.5,2.0,0.5,4,4,1,0,1,1,1,0,0,0.05,,,,,,,,,/dev/ttyACM36,stage_training_v2,Alexis,pv_nmdar_eranet,2AFC_2,Bpod6,334,36003,334,1.6.2,334_stage_training_v2_20220302-125047,2022-03-02,12:50:56.869847,13:07:59.111164,1,left bias,0.045132051889135015,0.9548418406177842,2.6107493077799635e-05,[[  0.77828914 -12.96021327]]
69,0,1.0,1,0,0,,1.0,0.0,0.0,1.0,1,657.085332,666.198435,9.113103000000024,3.3181000000000003,4.3276,1.0095,4.4776,5.1057000000000015,0.6281000000000008,aaa,aaa,1,,0,1,0,1,-70.0,70.0,"[5.105700000000001, 5.2423, 5.3529, 5.4766, 5.5844000000000005, 5.6919, 5.8082]","[5.16, 5.2697, 5.389600000000001, 5.5051000000000005, 5.6181, 5.7225, 5.8468]",[],[],0.0074,0.008,20,0,0.5,2.0,0.5,4,4,1,0,1,1,1,0,0,0.05,,,,,,,,,/dev/ttyACM36,stage_training_v2,Alexis,pv_nmdar_eranet,2AFC_2,Bpod6,334,36003,334,1.6.2,334_stage_training_v2_20220302-125047,2022-03-02,12:50:56.869847,13:07:59.111164,1,left bias,0.06268966641755054,0.9372953310647449,1.5002517705720388e-05,[[  0.77828914 -12.96021327]]
70,0,1.0,1,0,0,,1.0,1.0,0.0,1.0,1,666.209032,674.9185349999999,8.70950300000004,3.3181000000000003,4.3276,1.0095,4.4776,4.7021000000000015,0.2245000000000008,aaa,aaa,1,,0,1,0,1,-70.0,70.0,"[4.702100000000001, 4.817, 4.9237, 5.0289, 5.136900000000001]","[4.7434, 4.847, 4.9561, 5.0606, 5.170100000000001]",[],[],0.0074,0.008,20,0,0.5,2.0,0.5,4,4,1,0,1,1,1,0,0,0.05,,,,,,,,,/dev/ttyACM36,stage_training_v2,Alexis,pv_nmdar_eranet,2AFC_2,Bpod6,334,36003,334,1.6.2,334_stage_training_v2_20220302-125047,2022-03-02,12:50:56.869847,13:07:59.111164,1,left bias,0.07620816979298613,0.9237836688190749,8.161387939798085e-06,[[  0.77828914 -12.96021327]]
71,0,1.0,1,0,0,,1.0,1.0,0.0,1.0,1,674.938432,683.710835,8.77240299999994,3.3181000000000003,4.3276,1.0095,4.4776,4.7650000000000015,0.2874000000000007,aaa,aaa,1,,0,1,0,1,-70.0,70.0,"[4.765000000000001, 4.8886, 4.9876000000000005, 5.0923, 5.2015]","[4.8057, 4.9156, 5.0217, 5.122800000000001, 5.234500000000001]",[],[],0.0074,0.008,20,0,0.5,2.0,0.5,4,4,1,0,1,1,1,0,0,0.05,,,,,,,,,/dev/ttyACM36,stage_training_v2,Alexis,pv_nmdar_eranet,2AFC_2,Bpod6,334,36003,334,1.6.2,334_stage_training_v2_20220302-125047,2022-03-02,12:50:56.869847,13:07:59.111164,1,left bias,0.08592658124727982,0.9140694775298506,3.9412228678536674e-06,[[  0.77828914 -12.96021327]]
72,1,0.0,0,1,0,,0.0,1.0,0.0,1.0,1,683.7295320000001,694.456235,10.726703000000043,3.3206,4.3301,1.0094999999999996,4.4801,4.7172,0.2370999999999998,iaa,iaa,1,,0,0,1,1,70.0,-70.0,"[4.7172, 4.8354, 4.949]","[4.7539, 4.8766, 4.976500000000001]",[],[],0.0074,0.008,20,0,0.5,2.0,0.5,4,4,1,0,1,1,1,0,0,0.05,,,,,,,,,/dev/ttyACM36,stage_training_v2,Alexis,pv_nmdar_eranet,2AFC_2,Bpod6,334,36003,334,1.6.2,334_stage_training_v2_20220302-125047,2022-03-02,12:50:56.869847,13:07:59.111164,1,left bias,0.0920167505040848,0.9079819155705255,1.3339253874435407e-06,[[  0.77828914 -12.96021327]]
73,1,0.0,0,1,0,,0.0,0.0,0.0,1.0,1,694.4690320000001,705.228935,10.759903000000007,3.3292,4.3387,1.0095,4.4887000000000015,4.7504,0.2616999999999994,fxi,fxi,1,,0,1,1,2,2.0,-2.0,[4.7504],[4.798],[],[],0.0074,0.008,20,0,0.5,2.0,0.5,4,4,1,0,1,1,1,0,0,0.05,,,,,,,,,/dev/ttyACM36,stage_training_v2,Alexis,pv_nmdar_eranet,2AFC_2,Bpod6,334,36003,334,1.6.2,334_stage_training_v2_20220302-125047,2022-03-02,12:50:56.869847,13:07:59.111164,1,left bias,0.11586748354555677,0.8841319628181581,5.536362884929566e-07,[[  0.77828914 -12.96021327]]
74,1,0.0,0,1,0,,0.0,0.0,0.0,1.0,1,705.241032,716.029735,10.78870299999994,3.3206,4.3301,1.0094999999999996,4.4801,4.7792,0.2991000000000001,iaa,iaa,1,,0,0,1,1,70.0,-70.0,[4.7792],[4.820600000000001],[],[],0.0074,0.008,20,0,0.5,2.0,0.5,4,4,1,0,1,1,1,0,0,0.05,,,,,,,,,/dev/ttyACM36,stage_training_v2,Alexis,pv_nmdar_eranet,2AFC_2,Bpod6,334,36003,334,1.6.2,334_stage_training_v2_20220302-125047,2022-03-02,12:50:56.869847,13:07:59.111164,1,left bias,0.1439851747348545,0.8560146161429469,2.0912219890520022e-07,[[  0.77828914 -12.96021327]]
75,1,0.0,0,1,0,,0.0,0.0,0.0,1.0,1,716.040832,726.783835,10.74300299999993,3.3206,4.3301,1.0094999999999996,4.4801,4.7335,0.2534,iaa,iaa,1,,0,0,1,1,70.0,-70.0,[4.7335],[4.7801],[],[],0.0074,0.008,20,0,0.5,2.0,0.5,4,4,1,0,1,1,1,0,0,0.05,,,,,,,,,/dev/ttyACM36,stage_training_v2,Alexis,pv_nmdar_eranet,2AFC_2,Bpod6,334,36003,334,1.6.2,334_stage_training_v2_20220302-125047,2022-03-02,12:50:56.869847,13:07:59.111164,1,left bias,0.2046926441509868,0.7953072452896774,1.1055933903665606e-07,[[  0.77828914 -12.96021327]]
76,0,1.0,1,0,0,,1.0,0.0,0.0,1.0,1,726.794932,735.5670349999999,8.772103000000017,3.3181000000000003,4.3276,1.0095,4.4776,4.7647,0.2871000000000006,aaa,aaa,1,,0,1,0,1,-70.0,70.0,"[4.7647, 4.8855, 4.9943, 5.1031, 5.2062, 5.3146]","[4.8064, 4.9106000000000005, 5.0233, 5.1337, 5.2373, 5.3472]",[],[],0.0074,0.008,20,0,0.5,2.0,0.5,4,4,1,0,1,1,1,0,0,0.05,,,,,,,,,/dev/ttyACM36,stage_training_v2,Alexis,pv_nmdar_eranet,2AFC_2,Bpod6,334,36003,334,1.6.2,334_stage_training_v2_20220302-125047,2022-03-02,12:50:56.869847,13:07:59.111164,1,left bias,0.32329750797106566,0.6767024073330947,8.46958403080721e-08,[[  0.77828914 -12.96021327]]
77,0,1.0,1,0,0,,1.0,1.0,0.0,1.0,1,735.5777320000001,744.301735,8.724003000000039,3.3181000000000003,4.3276,1.0095,4.4776,4.7166000000000015,0.2390000000000007,aaa,aaa,1,,0,1,0,1,-70.0,70.0,"[4.716600000000001, 4.9466, 5.079000000000001, 5.187600000000001, 5.3044, 5.4097]","[4.7539, 4.9858, 5.1146, 5.2237, 5.337400000000001, 5.4386]",[],[],0.0074,0.008,20,0,0.5,2.0,0.5,4,4,1,0,1,1,1,0,0,0.05,,,,,,,,,/dev/ttyACM36,stage_training_v2,Alexis,pv_nmdar_eranet,2AFC_2,Bpod6,334,36003,334,1.6.2,334_stage_training_v2_20220302-125047,2022-03-02,12:50:56.869847,13:07:59.111164,1,left bias,0.44771803348701833,0.5522818950141106,7.149887342133052e-08,[[  0.77828914 -12.96021327]]
78,0,1.0,1,0,0,,1.0,1.0,0.0,1.0,1,744.359832,753.057635,8.697803000000023,3.3181000000000003,4.3276,1.0095,4.4776,4.6904,0.2128000000000005,aaa,aaa,1,,0,1,0,1,-70.0,70.0,"[4.6904, 4.804, 4.9157, 5.0271, 5.1264, 5.239, 5.3612]","[4.7285, 4.8337, 4.9434000000000005, 5.0576, 5.161300000000001, 5.2738000000000005, 5.3917]",[],[],0.0074,0.008,20,0,0.5,2.0,0.5,4,4,1,0,1,1,1,0,0,0.05,,,,,,,,,/dev/ttyACM36,stage_training_v2,Alexis,pv_nmdar_eranet,2AFC_2,Bpod6,334,36003,334,1.6.2,334_stage_training_v2_20220302-125047,2022-03-02,12:50:56.869847,13:07:59.111164,0,engaged,0.5801556160272408,0.4198443187298155,6.52429432915553e-08,[[ 1.38746128 -1.55455102]]
79,1,0.0,0,1,0,,0.0,1.0,0.0,1.0,1,753.0682320000001,763.764335,10.696102999999994,3.3206,4.3301,1.0094999999999996,4.4801,4.6866,0.2065000000000001,iaa,iaa,1,,0,0,1,1,70.0,-70.0,"[4.6866, 4.8169]","[4.727, 4.8664000000000005]",[],[],0.0074,0.008,20,0,0.5,2.0,0.5,4,4,1,0,1,1,1,0,0,0.05,,,,,,,,,/dev/ttyACM36,stage_training_v2,Alexis,pv_nmdar_eranet,2AFC_2,Bpod6,334,36003,334,1.6.2,334_stage_training_v2_20220302-125047,2022-03-02,12:50:56.869847,13:07:59.111164,0,engaged,0.7229534988406365,0.27704643848449656,6.267486743522332e-08,[[ 1.38746128 -1.55455102]]
80,1,0.0,1,0,0,,1.0,0.0,1.0,0.0,1,763.775132,772.5316349999999,8.756503000000066,3.3206,4.3301,1.0094999999999996,4.4881,4.7485,0.2603999999999997,iaa,iaa,1,,0,0,1,1,70.0,-70.0,[],[],"[4.7485, 4.8512, 4.9554, 5.0637, 5.1825, 5.3067, 5.4328]","[4.7533, 4.8721000000000005, 4.9843, 5.1017, 5.2201, 5.343500000000001, 5.4717]",0.0074,0.008,20,1,0.5,2.0,0.5,4,4,1,0,1,1,1,0,0,0.05,,,,,,,,,/dev/ttyACM36,stage_training_v2,Alexis,pv_nmdar_eranet,2AFC_2,Bpod6,334,36003,334,1.6.2,334_stage_training_v2_20220302-125047,2022-03-02,12:50:56.869847,13:07:59.111164,0,engaged,0.9999909477733357,8.989551817719111e-06,6.267484323643774e-08,[[ 1.38746128 -1.55455102]]
81,1,1.0,0,1,0,,0.0,1.0,0.0,0.0,1,772.543032,783.223935,10.680902999999942,3.3206,4.3301,1.0094999999999996,4.4801,4.6714,0.1913,iaa,iaa,1,,0,0,1,1,70.0,70.0,"[4.6714, 4.8192]","[4.7152, 4.8712]",[],[],0.0074,0.008,20,0,0.5,2.0,0.5,4,4,1,0,1,1,1,0,0,0.05,,,,,,,,,/dev/ttyACM36,stage_training_v2,Alexis,pv_nmdar_eranet,2AFC_2,Bpod6,334,36003,334,1.6.2,334_stage_training_v2_20220302-125047,2022-03-02,12:50:56.869847,13:07:59.111164,0,engaged,0.9936004669138283,0.006399472766225352,6.031994807407783e-08,[[ 1.38746128 -1.55455102]]
82,1,0.0,1,0,0,,1.0,0.0,1.0,0.0,1,783.238032,791.9995349999999,8.761503000000062,3.3206,4.3301,1.0094999999999996,4.4881,4.7535,0.2653999999999996,iaa,iaa,1,,0,0,1,1,70.0,-70.0,[],[],"[4.7535, 4.8664000000000005, 4.964300000000001, 5.0814, 5.216, 5.3361, 5.4652, 5.8464]","[4.7743, 4.8836, 4.9941, 5.1165, 5.244400000000001, 5.3769, 5.5064, 5.8824000000000005]",0.0074,0.008,20,1,0.5,2.0,0.5,4,4,1,0,1,1,1,0,0,0.05,,,,,,,,,/dev/ttyACM36,stage_training_v2,Alexis,pv_nmdar_eranet,2AFC_2,Bpod6,334,36003,334,1.6.2,334_stage_training_v2_20220302-125047,2022-03-02,12:50:56.869847,13:07:59.111164,0,engaged,0.9999991409398699,7.987402369278458e-07,6.031989072926347e-08,[[ 1.38746128 -1.55455102]]
83,0,0.0,1,0,0,,1.0,1.0,0.0,0.0,1,792.010432,800.899134,8.888701999999967,3.3181000000000003,4.3276,1.0095,4.4776,4.8813,0.4037000000000006,aaa,aaa,1,,0,1,0,1,-70.0,-70.0,"[4.8813, 5.013, 5.114, 5.2274, 5.3323]","[4.928, 5.0415, 5.1469000000000005, 5.2561, 5.3672]",[],[],0.0074,0.008,20,0,0.5,2.0,0.5,4,4,1,0,1,1,1,0,0,0.05,,,,,,,,,/dev/ttyACM36,stage_training_v2,Alexis,pv_nmdar_eranet,2AFC_2,Bpod6,334,36003,334,1.6.2,334_stage_training_v2_20220302-125047,2022-03-02,12:50:56.869847,13:07:59.111164,0,engaged,0.9785505371789105,0.021449409744979307,5.307611112436531e-08,[[ 1.38746128 -1.55455102]]
84,0,1.0,1,0,0,,1.0,1.0,0.0,1.0,1,800.910732,809.625335,8.714602999999897,3.3181000000000003,4.3276,1.0095,4.4776,4.7072,0.2296000000000004,aaa,aaa,1,,0,1,0,1,-70.0,70.0,"[4.7072, 4.8281, 4.9299, 5.0354, 5.1442000000000005]","[4.7506, 4.8584000000000005, 4.960500000000001, 5.0679, 5.171]",[],[],0.0074,0.008,20,0,0.5,2.0,0.5,4,4,1,0,1,1,1,0,0,0.05,,,,,,,,,/dev/ttyACM36,stage_training_v2,Alexis,pv_nmdar_eranet,2AFC_2,Bpod6,334,36003,334,1.6.2,334_stage_training_v2_20220302-125047,2022-03-02,12:50:56.869847,13:07:59.111164,0,engaged,0.9652354720986659,0.0347644786412168,4.926011579811065e-08,[[ 1.38746128 -1.55455102]]
85,1,0.0,0,1,0,,0.0,1.0,0.0,1.0,1,809.636032,820.508835,10.872802999999976,3.3206,4.3301,1.0094999999999996,4.4801,4.8633000000000015,0.3832000000000004,iaa,iaa,1,,0,0,1,1,70.0,-70.0,"[4.863300000000001, 4.9802]","[4.907, 5.008900000000001]",[],[],0.0074,0.008,20,0,0.5,2.0,0.5,4,4,1,0,1,1,1,0,0,0.05,,,,,,,,,/dev/ttyACM36,stage_training_v2,Alexis,pv_nmdar_eranet,2AFC_2,Bpod6,334,36003,334,1.6.2,334_stage_training_v2_20220302-125047,2022-03-02,12:50:56.869847,13:07:59.111164,0,engaged,0.959818359250315,0.04018159339818409,4.735150030427854e-08,[[ 1.38746128 -1.55455102]]
86,0,1.0,1,0,0,,1.0,0.0,0.0,1.0,1,820.5211320000001,829.223834,8.702702000000045,3.3181000000000003,4.3276,1.0095,4.4776,4.6953000000000005,0.2177000000000006,aaa,aaa,1,,0,1,0,1,-70.0,70.0,"[4.6953000000000005, 4.8203000000000005, 4.9308000000000005, 5.0402000000000005, 5.1523]","[4.7428, 4.8554, 4.9670000000000005, 5.074, 5.186]",[],[],0.0074,0.008,20,0,0.5,2.0,0.5,4,4,1,0,1,1,1,0,0,0.05,,,,,,,,,/dev/ttyACM36,stage_training_v2,Alexis,pv_nmdar_eranet,2AFC_2,Bpod6,334,36003,334,1.6.2,334_stage_training_v2_20220302-125047,2022-03-02,12:50:56.869847,13:07:59.111164,0,engaged,0.9757771184195766,0.024222834534065568,4.704635641748919e-08,[[ 1.38746128 -1.55455102]]
87,1,0.0,1,0,0,,1.0,1.0,1.0,0.0,1,829.238632,837.993435,8.754802999999924,3.3206,4.3301,1.0094999999999996,4.4881,4.7468,0.2587000000000001,iaa,iaa,1,,0,0,1,1,70.0,-70.0,[],[],"[4.7468, 4.852, 4.9587, 5.0717, 5.1946]","[4.7641, 4.875500000000001, 4.9978, 5.1115, 5.2361]",0.0074,0.008,20,1,0.5,2.0,0.5,4,4,1,0,1,1,1,0,0,0.05,,,,,,,,,/dev/ttyACM36,stage_training_v2,Alexis,pv_nmdar_eranet,2AFC_2,Bpod6,334,36003,334,1.6.2,334_stage_training_v2_20220302-125047,2022-03-02,12:50:56.869847,13:07:59.111164,0,engaged,0.9999974609393096,2.4920143487253808e-06,4.704634506933582e-08,[[ 1.38746128 -1.55455102]]
88,0,0.0,1,0,0,,1.0,1.0,0.0,0.0,1,838.006832,846.7055349999999,8.698703000000023,3.3181000000000003,4.3276,1.0095,4.4776,4.6913,0.2137000000000002,aaa,aaa,1,,0,1,0,1,-70.0,-70.0,"[4.6913, 4.812, 4.9127, 5.018000000000001, 5.135000000000001, 5.2678]","[4.7408, 4.8447000000000005, 4.9466, 5.0529, 5.1683, 5.2748]",[],[],0.0074,0.008,20,0,0.5,2.0,0.5,4,4,1,0,1,1,1,0,0,0.05,,,,,,,,,/dev/ttyACM36,stage_training_v2,Alexis,pv_nmdar_eranet,2AFC_2,Bpod6,334,36003,334,1.6.2,334_stage_training_v2_20220302-125047,2022-03-02,12:50:56.869847,13:07:59.111164,0,engaged,0.9757772661524949,0.024222688956048188,4.489145568696461e-08,[[ 1.38746128 -1.55455102]]
89,1,0.0,0,1,0,,0.0,1.0,0.0,1.0,1,846.7195320000001,857.430835,10.711303000000044,3.3206,4.3301,1.0094999999999996,4.4801,4.7018,0.2217000000000002,iaa,iaa,1,,0,0,1,1,70.0,-70.0,"[4.7018, 4.8365]","[4.7469, 4.8886]",[],[],0.0074,0.008,20,0,0.5,2.0,0.5,4,4,1,0,1,1,1,0,0,0.05,,,,,,,,,/dev/ttyACM36,stage_training_v2,Alexis,pv_nmdar_eranet,2AFC_2,Bpod6,334,36003,334,1.6.2,334_stage_training_v2_20220302-125047,2022-03-02,12:50:56.869847,13:07:59.111164,0,engaged,0.9598186479149482,0.04018130835547126,4.3729579137525245e-08,[[ 1.38746128 -1.55455102]]
90,0,1.0,1,0,0,,1.0,0.0,0.0,1.0,1,857.442732,866.394135,8.951403000000028,3.3181000000000003,4.3276,1.0095,4.4776,4.944,0.4664000000000001,aaa,aaa,1,,0,1,0,1,-70.0,70.0,"[4.944, 5.073300000000001, 5.1802, 5.2967, 5.4016, 5.514]","[4.992900000000001, 5.1041, 5.2178, 5.3274, 5.4345, 5.5455000000000005]",[],[],0.0074,0.008,20,0,0.5,2.0,0.5,4,4,1,0,1,1,1,0,0,0.05,,,,,,,,,/dev/ttyACM36,stage_training_v2,Alexis,pv_nmdar_eranet,2AFC_2,Bpod6,334,36003,334,1.6.2,334_stage_training_v2_20220302-125047,2022-03-02,12:50:56.869847,13:07:59.111164,0,engaged,0.9652358423661604,0.03476411415155692,4.348228113254119e-08,[[ 1.38746128 -1.55455102]]
91,0,1.0,1,0,0,,1.0,1.0,0.0,1.0,1,866.4229320000001,875.095835,8.67290300000002,3.3181000000000003,4.3276,1.0095,4.4776,4.6655000000000015,0.1879000000000008,aaa,aaa,1,,0,1,0,1,-70.0,70.0,"[4.665500000000001, 4.7769, 4.8866000000000005, 4.998200000000001, 5.1064]","[4.7049, 4.8072, 4.9166, 5.0292, 5.1403]",[],[],0.0074,0.008,20,0,0.5,2.0,0.5,4,4,1,0,1,1,1,0,0,0.05,,,,,,,,,/dev/ttyACM36,stage_training_v2,Alexis,pv_nmdar_eranet,2AFC_2,Bpod6,334,36003,334,1.6.2,334_stage_training_v2_20220302-125047,2022-03-02,12:50:56.869847,13:07:59.111164,0,engaged,0.978550989309297,0.02144896728879255,4.340191383908573e-08,[[ 1.38746128 -1.55455102]]
92,1,0.0,1,0,0,,1.0,1.0,1.0,0.0,1,875.107932,883.9569349999999,8.849003000000039,3.3206,4.3301,1.0094999999999996,4.4881,4.841,0.3529,iaa,iaa,1,,0,0,1,1,70.0,-70.0,[],[],"[4.841, 4.9508, 5.0574, 5.1626, 5.2843, 5.4147]","[4.8647, 4.9669, 5.0894, 5.1986, 5.3288, 5.4516]",0.0074,0.008,20,1,0.5,2.0,0.5,4,4,1,0,1,1,1,0,0,0.05,,,,,,,,,/dev/ttyACM36,stage_training_v2,Alexis,pv_nmdar_eranet,2AFC_2,Bpod6,334,36003,334,1.6.2,334_stage_training_v2_20220302-125047,2022-03-02,12:50:56.869847,13:07:59.111164,0,engaged,0.9999996762278753,2.8037019309221005e-07,4.340193449167675e-08,[[ 1.38746128 -1.55455102]]
93,1,1.0,1,0,0,,1.0,1.0,1.0,1.0,1,883.974732,892.710935,8.736202999999932,3.3241,4.3336000000000015,1.0095000000000005,4.4916,4.7282,0.2366000000000001,egj,egj,1,,0,1,1,2,0.0,0.0,[],[],"[4.7282, 4.828, 4.939, 5.0458, 5.1637, 5.2878, 5.5819]","[4.7502, 4.8545, 4.9696, 5.0819, 5.2034, 5.33, 5.5991]",0.0074,0.008,20,1,0.5,2.0,0.5,4,4,1,0,1,1,1,0,0,0.05,,,,,,,,,/dev/ttyACM36,stage_training_v2,Alexis,pv_nmdar_eranet,2AFC_2,Bpod6,334,36003,334,1.6.2,334_stage_training_v2_20220302-125047,2022-03-02,12:50:56.869847,13:07:59.111164,0,engaged,0.9999998226565141,1.339415379170823e-07,4.340194492914168e-08,[[ 1.38746128 -1.55455102]]
94,1,1.0,0,1,0,,0.0,1.0,0.0,0.0,1,892.7240320000001,903.610135,10.886103000000048,3.3206,4.3301,1.0094999999999996,4.4801,4.8766,0.3964999999999996,iaa,iaa,1,,0,0,1,1,70.0,70.0,[4.8766],[4.9249],[],[],0.0074,0.008,20,0,0.5,2.0,0.5,4,4,1,0,1,1,1,0,0,0.05,,,,,,,,,/dev/ttyACM36,stage_training_v2,Alexis,pv_nmdar_eranet,2AFC_2,Bpod6,334,36003,334,1.6.2,334_stage_training_v2_20220302-125047,2022-03-02,12:50:56.869847,13:07:59.111164,0,engaged,0.9935982318485357,0.006401725243381344,4.2908082959289756e-08,[[ 1.38746128 -1.55455102]]
95,1,0.0,1,0,0,,1.0,0.0,1.0,0.0,1,903.621832,912.3423349999999,8.720503000000008,3.3206,4.3301,1.0094999999999996,4.4881,4.7125,0.2244000000000001,iaa,iaa,1,,0,0,1,1,70.0,-70.0,[],[],"[4.7125, 4.817200000000001, 4.9189, 5.0469, 5.1707, 5.2866, 5.4114, 5.538200000000001]","[4.7361, 4.8368, 4.9469, 5.0711, 5.2014000000000005, 5.3239, 5.4508, 5.5673]",0.0074,0.008,20,1,0.5,2.0,0.5,4,4,1,0,1,1,1,0,0,0.05,,,,,,,,,/dev/ttyACM36,stage_training_v2,Alexis,pv_nmdar_eranet,2AFC_2,Bpod6,334,36003,334,1.6.2,334_stage_training_v2_20220302-125047,2022-03-02,12:50:56.869847,13:07:59.111164,0,engaged,0.99998680606977,1.3151022345695728e-05,4.2907885148503467e-08,[[ 1.38746128 -1.55455102]]
96,1,1.0,0,1,0,,0.0,1.0,0.0,0.0,1,912.353732,923.108435,10.75470299999995,3.3206,4.3301,1.0094999999999996,4.4801,4.7452000000000005,0.2651000000000003,iaa,iaa,1,,0,0,1,1,70.0,70.0,"[4.7452000000000005, 4.894]","[4.7895, 4.944500000000001]",[],[],0.0074,0.008,20,0,0.5,2.0,0.5,4,4,1,0,1,1,1,0,0,0.05,,,,,,,,,/dev/ttyACM36,stage_training_v2,Alexis,pv_nmdar_eranet,2AFC_2,Bpod6,334,36003,334,1.6.2,334_stage_training_v2_20220302-125047,2022-03-02,12:50:56.869847,13:07:59.111164,0,engaged,0.593082402169219,0.40691758370704756,1.4123735690402623e-08,[[ 1.38746128 -1.55455102]]
97,1,0.0,0,1,0,,0.0,0.0,0.0,1.0,1,923.1230320000001,933.890434,10.76740200000006,3.3206,4.3301,1.0094999999999996,4.4801,4.7579,0.2778,iaa,iaa,1,,0,0,1,1,70.0,-70.0,"[4.7579, 4.9187]","[4.8043000000000005, 4.9645]",[],[],0.0074,0.008,20,0,0.5,2.0,0.5,4,4,1,0,1,1,1,0,0,0.05,,,,,,,,,/dev/ttyACM36,stage_training_v2,Alexis,pv_nmdar_eranet,2AFC_2,Bpod6,334,36003,334,1.6.2,334_stage_training_v2_20220302-125047,2022-03-02,12:50:56.869847,13:07:59.111164,1,left bias,0.3786960683503907,0.621303926399969,5.249643822182518e-09,[[  0.77828914 -12.96021327]]
98,0,1.0,1,0,0,,1.0,0.0,0.0,1.0,1,933.901532,942.754835,8.853302999999983,3.3181000000000003,4.3276,1.0095,4.4776,4.8459,0.3683000000000005,aaa,aaa,1,,0,1,0,1,-70.0,70.0,"[4.8459, 4.9692, 5.0872, 5.1907000000000005, 5.290100000000001, 5.4257, 5.553]","[4.8918, 5.003, 5.1224, 5.2208000000000006, 5.3259, 5.4434000000000005, 5.5907]",[],[],0.0074,0.008,20,0,0.5,2.0,0.5,4,4,1,0,1,1,1,0,0,0.05,,,,,,,,,/dev/ttyACM36,stage_training_v2,Alexis,pv_nmdar_eranet,2AFC_2,Bpod6,334,36003,334,1.6.2,334_stage_training_v2_20220302-125047,2022-03-02,12:50:56.869847,13:07:59.111164,1,left bias,0.2674548275637555,0.7325451699175229,2.5187200556434006e-09,[[  0.77828914 -12.96021327]]
99,1,0.0,0,1,0,,0.0,1.0,0.0,1.0,1,942.768232,953.5099339999999,10.741702000000034,3.3206,4.3301,1.0094999999999996,4.4801,4.7322000000000015,0.2521000000000004,iaa,iaa,1,,0,0,1,1,70.0,-70.0,"[4.732200000000001, 4.8655]","[4.7663, 4.9108]",[],[],0.0074,0.008,20,0,0.5,2.0,0.5,4,4,1,0,1,1,1,0,0,0.05,,,,,,,,,/dev/ttyACM36,stage_training_v2,Alexis,pv_nmdar_eranet,2AFC_2,Bpod6,334,36003,334,1.6.2,334_stage_training_v2_20220302-125047,2022-03-02,12:50:56.869847,13:07:59.111164,1,left bias,0.16048256917987697,0.8395174300149463,8.051802300829811e-10,[[  0.77828914 -12.96021327]]
100,1,0.0,0,1,0,,0.0,0.0,0.0,1.0,1,953.5239320000001,964.444535,10.920603000000026,3.3206,4.3301,1.0094999999999996,4.4801,4.9111,0.431,iaa,iaa,1,,0,0,1,1,70.0,-70.0,"[4.9111, 5.0657000000000005]","[4.9549, 5.0999]",[],[],0.0074,0.008,20,0,0.5,2.0,0.5,4,4,1,0,1,1,1,0,0,0.05,,,,,,,,,/dev/ttyACM36,stage_training_v2,Alexis,pv_nmdar_eranet,2AFC_2,Bpod6,334,36003,334,1.6.2,334_stage_training_v2_20220302-125047,2022-03-02,12:50:56.869847,13:07:59.111164,1,left bias,0.10501833219650011,0.8949816675267303,2.767689183797634e-10,[[  0.77828914 -12.96021327]]
101,1,0.0,0,1,0,,0.0,0.0,0.0,1.0,1,964.456032,975.1761349999999,10.720102999999996,3.3206,4.3301,1.0094999999999996,4.4801,4.7106,0.2305000000000001,iaa,iaa,1,,0,0,1,1,70.0,-70.0,[4.7106],[4.75],[],[],0.0074,0.008,20,0,0.5,2.0,0.5,4,4,1,0,1,1,1,0,0,0.05,,,,,,,,,/dev/ttyACM36,stage_training_v2,Alexis,pv_nmdar_eranet,2AFC_2,Bpod6,334,36003,334,1.6.2,334_stage_training_v2_20220302-125047,2022-03-02,12:50:56.869847,13:07:59.111164,1,left bias,0.0779402884486941,0.9220597114372275,1.1407870659835538e-10,[[  0.77828914 -12.96021327]]
102,1,0.0,0,1,0,,0.0,0.0,0.0,1.0,1,975.187632,986.1788349999999,10.991203000000038,3.3206,4.3301,1.0094999999999996,4.4801,4.9817,0.5015999999999998,iaa,iaa,1,,0,0,1,1,70.0,-70.0,[4.9817],[5.026400000000001],[],[],0.0074,0.008,20,0,0.5,2.0,0.5,4,4,1,0,1,1,1,0,0,0.05,,,,,,,,,/dev/ttyACM36,stage_training_v2,Alexis,pv_nmdar_eranet,2AFC_2,Bpod6,334,36003,334,1.6.2,334_stage_training_v2_20220302-125047,2022-03-02,12:50:56.869847,13:07:59.111164,1,left bias,0.06796019332109933,0.9320398066147586,6.413954997947027e-11,[[  0.77828914 -12.96021327]]
103,1,0.0,0,1,0,,0.0,0.0,0.0,1.0,1,986.192632,996.957735,10.765102999999952,3.3206,4.3301,1.0094999999999996,4.4801,4.7556,0.2755000000000001,iaa,iaa,1,,0,0,1,1,70.0,-70.0,[4.7556],[4.8081000000000005],[],[],0.0074,0.008,20,0,0.5,2.0,0.5,4,4,1,0,1,1,1,0,0,0.05,,,,,,,,,/dev/ttyACM36,stage_training_v2,Alexis,pv_nmdar_eranet,2AFC_2,Bpod6,334,36003,334,1.6.2,334_stage_training_v2_20220302-125047,2022-03-02,12:50:56.869847,13:07:59.111164,1,left bias,0.07091756328217928,0.9290824366689242,4.8898631051854975e-11,[[  0.77828914 -12.96021327]]
104,1,0.0,0,1,0,,0.0,0.0,0.0,1.0,1,996.9695320000001,1007.7327349999999,10.763203000000091,3.3206,4.3301,1.0094999999999996,4.4801,4.7537,0.2736,iaa,iaa,1,,0,0,1,1,70.0,-70.0,[4.7537],[4.792400000000001],[],[],0.0074,0.008,20,0,0.5,2.0,0.5,4,4,1,0,1,1,1,0,0,0.05,,,,,,,,,/dev/ttyACM36,stage_training_v2,Alexis,pv_nmdar_eranet,2AFC_2,Bpod6,334,36003,334,1.6.2,334_stage_training_v2_20220302-125047,2022-03-02,12:50:56.869847,13:07:59.111164,1,left bias,0.08804526123121015,0.9119547387244875,4.4299380419753806e-11,[[  0.77828914 -12.96021327]]
105,0,1.0,1,0,0,,1.0,0.0,0.0,1.0,1,1007.7449320000001,1016.554435,8.809503000000062,3.3181000000000003,4.3276,1.0095,4.4776,4.8021,0.3245000000000004,aaa,aaa,1,,0,1,0,1,-70.0,70.0,"[4.8021, 4.9168, 5.0269, 5.1313, 5.2375, 5.3500000000000005]","[4.841200000000001, 4.9452, 5.0586, 5.1604, 5.2708, 5.3823]",[],[],0.0074,0.008,20,0,0.5,2.0,0.5,4,4,1,0,1,1,1,0,0,0.05,,,,,,,,,/dev/ttyACM36,stage_training_v2,Alexis,pv_nmdar_eranet,2AFC_2,Bpod6,334,36003,334,1.6.2,334_stage_training_v2_20220302-125047,2022-03-02,12:50:56.869847,13:07:59.111164,1,left bias,0.1264834500946719,0.8735165498623846,4.2943000476214065e-11,[[  0.77828914 -12.96021327]]
