Dates,DoW,Age,Subject,Board,Trials,TrialsLeft,TrialsRight,ChoseLeft,ChoseRight,Hits,HitsLeft,HitsRight,HitsRep,HitsAlt,Errors,ErrorsLeft,ErrorsRight,Performance,PerformanceLeft,PerformanceRight,Responses,ResponsesLeft,ResponsesRight,Repetitions,RepsLeft,RepsRight,RepRateLeft,RepRateRight,Alternations,AltsLeft,AltsRight,AltRateLeft,AltRateRight,Accuracy,AccuracyLeft,AccuracyRight,AccMaxEvi,LateralBias,AccuracyRep,AccuracyAlt,RepBias,CorrRepBias,CorrAltBias,Misses,MissesLeft,MissesRight,MissRate,MissRateLeft,MissRateRight,Rewards,RewardsLeft,RewardsRight,Water,WaterLeft,WaterRight,Stage,SoundsMismatch,NoSound,MessageCount,P,VarDelay,PCRight,xPCRight,yPCRight,FitPCRight,FitErrorPCRight,ParamsPCRight,SensitivityPCRight,BiasPCRight,LapseRight,LapseLeft,PCRep,xPCRep,yPCRep,FitPCRep,FitErrorPCRep,ParamsPCRep,SensitivityPCRep,BiasPCRep,LapseRep,LapseAlt
2023-09-20,2,207,911,['Bpod0'],385,204,181,219,163,279,159,120,169,108,103,43,60,0.7246753246753247,0.7794117647058824,0.6629834254143646,382,202,180,246,151,95,0.6894977168949772,0.5828220858895705,134,68,66,0.3105022831050228,0.4049079754601227,0.7303664921465969,0.7871287128712872,0.6666666666666666,0.8221343873517787,-0.12046204620462053,0.6869918699186992,0.8059701492537313,-0.11897827933503213,0.6361599013922739,0.35770512928257275,3,2,1,0.007792207792207792,0.00980392156862745,0.0055248618784530384,279,159,120,697.5,397.5,300.0,0,0,0,0,0.5,0.5,"psych_curve(xdata=array([-70.,  -8.,  -4.,  -2.,   0.,   2.,   4.,   8.,  70.]), ydata=[0.065, 0.308, 0.632, 0.556, 0.522, 0.375, 0.643, 0.846, 0.687], fit=[0.06, 0.06, 0.06, 0.06, 0.06, 0.06, 0.06, 0.06, 0.06, 0.06, 0.06, 0.06, 0.06, 0.061, 0.061, 0.061, 0.061, 0.061, 0.062, 0.062, 0.063, 0.063, 0.064, 0.065, 0.066, 0.068, 0.07, 0.072, 0.075, 0.079, 0.084, 0.09, 0.097, 0.106, 0.116, 0.129, 0.145, 0.163, 0.184, 0.209, 0.237, 0.267, 0.301, 0.337, 0.374, 0.412, 0.45, 0.486, 0.52, 0.551, 0.579, 0.604, 0.625, 0.644, 0.659, 0.673, 0.683, 0.692, 0.7, 0.705, 0.71, 0.714, 0.717, 0.72, 0.722, 0.724, 0.725, 0.726, 0.727, 0.727, 0.728, 0.728, 0.729, 0.729, 0.729, 0.729, 0.729, 0.73, 0.73, 0.73, 0.73, 0.73, 0.73, 0.73, 0.73, 0.73, 0.73, 0.73, 0.73, 0.73, 0.73, 0.73, 0.73, 0.73, 0.73, 0.73, 0.73, 0.73, 0.73, 0.73], params=[0.16, -7.01, 0.06, 0.27], fit_error=[0.021, 0.133, 0.114, 0.121, 0.106, 0.125, 0.133, 0.072, 0.043])",[-70.  -8.  -4.  -2.   0.   2.   4.   8.  70.],"[0.065, 0.308, 0.632, 0.556, 0.522, 0.375, 0.643, 0.846, 0.687]","[0.06, 0.06, 0.06, 0.06, 0.06, 0.06, 0.06, 0.06, 0.06, 0.06, 0.06, 0.06, 0.06, 0.061, 0.061, 0.061, 0.061, 0.061, 0.062, 0.062, 0.063, 0.063, 0.064, 0.065, 0.066, 0.068, 0.07, 0.072, 0.075, 0.079, 0.084, 0.09, 0.097, 0.106, 0.116, 0.129, 0.145, 0.163, 0.184, 0.209, 0.237, 0.267, 0.301, 0.337, 0.374, 0.412, 0.45, 0.486, 0.52, 0.551, 0.579, 0.604, 0.625, 0.644, 0.659, 0.673, 0.683, 0.692, 0.7, 0.705, 0.71, 0.714, 0.717, 0.72, 0.722, 0.724, 0.725, 0.726, 0.727, 0.727, 0.728, 0.728, 0.729, 0.729, 0.729, 0.729, 0.729, 0.73, 0.73, 0.73, 0.73, 0.73, 0.73, 0.73, 0.73, 0.73, 0.73, 0.73, 0.73, 0.73, 0.73, 0.73, 0.73, 0.73, 0.73, 0.73, 0.73, 0.73, 0.73, 0.73]","[0.021, 0.133, 0.114, 0.121, 0.106, 0.125, 0.133, 0.072, 0.043]","[0.16, -7.01, 0.06, 0.27]",0.16,-7.01,0.06,0.27,"psych_curve(xdata=array([-70.,  -8.,  -4.,  -2.,   0.,   2.,   4.,   8.,  70.]), ydata=[0.319, 0.292, 0.733, 0.8, 0.522, 0.714, 0.667, 0.933, 0.941], fit=[nan, nan, nan, nan, nan, nan, nan, nan, nan, nan, nan, nan, nan, nan, nan, nan, nan, nan, nan, nan, nan, nan, nan, nan, nan, nan, nan, nan, nan, nan, nan, nan, nan, nan, nan, nan, nan, nan, nan, nan, nan, nan, nan, nan, nan, nan, nan, nan, nan, nan, nan, nan, nan, nan, nan, nan, nan, nan, nan, nan, nan, nan, nan, nan, nan, nan, nan, nan, nan, nan, nan, nan, nan, nan, nan, nan, nan, nan, nan, nan, nan, nan, nan, nan, nan, nan, nan, nan, nan, nan, nan, nan, nan, nan, nan, nan, nan, nan, nan, nan], params=[0.18, -2.19, 0.29, 0.06], fit_error=[0.043, 0.095, 0.118, 0.092, 0.106, 0.125, 0.114, 0.067, 0.02])",[-70.  -8.  -4.  -2.   0.   2.   4.   8.  70.],"[0.065, 0.308, 0.632, 0.556, 0.522, 0.375, 0.643, 0.846, 0.687]","[0.06, 0.06, 0.06, 0.06, 0.06, 0.06, 0.06, 0.06, 0.06, 0.06, 0.06, 0.06, 0.06, 0.061, 0.061, 0.061, 0.061, 0.061, 0.062, 0.062, 0.063, 0.063, 0.064, 0.065, 0.066, 0.068, 0.07, 0.072, 0.075, 0.079, 0.084, 0.09, 0.097, 0.106, 0.116, 0.129, 0.145, 0.163, 0.184, 0.209, 0.237, 0.267, 0.301, 0.337, 0.374, 0.412, 0.45, 0.486, 0.52, 0.551, 0.579, 0.604, 0.625, 0.644, 0.659, 0.673, 0.683, 0.692, 0.7, 0.705, 0.71, 0.714, 0.717, 0.72, 0.722, 0.724, 0.725, 0.726, 0.727, 0.727, 0.728, 0.728, 0.729, 0.729, 0.729, 0.729, 0.729, 0.73, 0.73, 0.73, 0.73, 0.73, 0.73, 0.73, 0.73, 0.73, 0.73, 0.73, 0.73, 0.73, 0.73, 0.73, 0.73, 0.73, 0.73, 0.73, 0.73, 0.73, 0.73, 0.73]","[0.021, 0.133, 0.114, 0.121, 0.106, 0.125, 0.133, 0.072, 0.043]","[0.18, -2.19, 0.29, 0.06]",0.18,-2.19,0.29,0.06
2023-09-21,3,208,911,['Bpod0'],306,148,158,175,129,229,123,106,111,116,75,23,52,0.7483660130718954,0.831081081081081,0.6708860759493671,304,146,158,165,104,61,0.5942857142857143,0.4728682170542636,136,68,68,0.38857142857142857,0.5271317829457365,0.7532894736842105,0.8424657534246576,0.6708860759493671,0.8102564102564103,-0.17157967747529046,0.6727272727272727,0.8529411764705882,-0.18021390374331547,0.5335769656699889,0.4578516057585825,2,2,0,0.006535947712418301,0.013513513513513514,0.0,229,123,106,572.5,307.5,265.0,0,0,0,0,0.5,0.5,"psych_curve(xdata=array([-70.,  -8.,  -4.,  -2.,   0.,   2.,   4.,   8.,  70.]), ydata=[0.1, 0.125, 0.308, 0.467, 0.111, 0.467, 0.643, 0.632, 0.733], fit=[0.22, 0.22, 0.22, 0.22, 0.22, 0.22, 0.22, 0.22, 0.22, 0.22, 0.22, 0.22, 0.22, 0.22, 0.22, 0.22, 0.22, 0.22, 0.22, 0.22, 0.22, 0.22, 0.22, 0.22, 0.22, 0.22, 0.22, 0.22, 0.22, 0.22, 0.22, 0.22, 0.22, 0.22, 0.22, 0.22, 0.22, 0.22, 0.22, 0.22, 0.22, 0.22, 0.22, 0.22, 0.22, 0.22, 0.22, 0.22, 0.22, 0.22, 0.22, 0.562, 0.67, 0.67, 0.67, 0.67, 0.67, 0.67, 0.67, 0.67, 0.67, 0.67, 0.67, 0.67, 0.67, 0.67, 0.67, 0.67, 0.67, 0.67, 0.67, 0.67, 0.67, 0.67, 0.67, 0.67, 0.67, 0.67, 0.67, 0.67, 0.67, 0.67, 0.67, 0.67, 0.67, 0.67, 0.67, 0.67, 0.67, 0.67, 0.67, 0.67, 0.67, 0.67, 0.67, 0.67, 0.67, 0.67, 0.67, 0.67], params=[7.6, 1.97, 0.22, 0.33], fit_error=[0.032, 0.069, 0.133, 0.133, 0.111, 0.133, 0.133, 0.114, 0.043])",[-70.  -8.  -4.  -2.   0.   2.   4.   8.  70.],"[0.1, 0.125, 0.308, 0.467, 0.111, 0.467, 0.643, 0.632, 0.733]","[0.22, 0.22, 0.22, 0.22, 0.22, 0.22, 0.22, 0.22, 0.22, 0.22, 0.22, 0.22, 0.22, 0.22, 0.22, 0.22, 0.22, 0.22, 0.22, 0.22, 0.22, 0.22, 0.22, 0.22, 0.22, 0.22, 0.22, 0.22, 0.22, 0.22, 0.22, 0.22, 0.22, 0.22, 0.22, 0.22, 0.22, 0.22, 0.22, 0.22, 0.22, 0.22, 0.22, 0.22, 0.22, 0.22, 0.22, 0.22, 0.22, 0.22, 0.22, 0.562, 0.67, 0.67, 0.67, 0.67, 0.67, 0.67, 0.67, 0.67, 0.67, 0.67, 0.67, 0.67, 0.67, 0.67, 0.67, 0.67, 0.67, 0.67, 0.67, 0.67, 0.67, 0.67, 0.67, 0.67, 0.67, 0.67, 0.67, 0.67, 0.67, 0.67, 0.67, 0.67, 0.67, 0.67, 0.67, 0.67, 0.67, 0.67, 0.67, 0.67, 0.67, 0.67, 0.67, 0.67, 0.67, 0.67, 0.67, 0.67]","[0.032, 0.069, 0.133, 0.133, 0.111, 0.133, 0.133, 0.114, 0.043]","[7.6, 1.97, 0.22, 0.33]",7.6,1.97,0.22,0.33,"psych_curve(xdata=array([-70.,  -8.,  -4.,  -2.,   0.,   2.,   4.,   8.,  70.]), ydata=[0.243, 0.24, 0.467, 0.667, 0.667, 0.75, 0.818, 0.778, 0.884], fit=[nan, nan, nan, nan, nan, nan, nan, nan, nan, nan, nan, nan, nan, nan, nan, nan, nan, nan, nan, nan, nan, nan, nan, nan, nan, nan, nan, nan, nan, nan, nan, nan, nan, nan, nan, nan, nan, nan, nan, nan, nan, nan, nan, nan, nan, nan, nan, nan, nan, nan, nan, nan, nan, nan, nan, nan, nan, nan, nan, nan, nan, nan, nan, nan, nan, nan, nan, nan, nan, nan, nan, nan, nan, nan, nan, nan, nan, nan, nan, nan, nan, nan, nan, nan, nan, nan, nan, nan, nan, nan, nan, nan, nan, nan, nan, nan, nan, nan, nan, nan], params=[0.47, -3.3, 0.22, 0.18], fit_error=[0.042, 0.087, 0.133, 0.114, 0.167, 0.131, 0.122, 0.101, 0.035])",[-70.  -8.  -4.  -2.   0.   2.   4.   8.  70.],"[0.1, 0.125, 0.308, 0.467, 0.111, 0.467, 0.643, 0.632, 0.733]","[0.22, 0.22, 0.22, 0.22, 0.22, 0.22, 0.22, 0.22, 0.22, 0.22, 0.22, 0.22, 0.22, 0.22, 0.22, 0.22, 0.22, 0.22, 0.22, 0.22, 0.22, 0.22, 0.22, 0.22, 0.22, 0.22, 0.22, 0.22, 0.22, 0.22, 0.22, 0.22, 0.22, 0.22, 0.22, 0.22, 0.22, 0.22, 0.22, 0.22, 0.22, 0.22, 0.22, 0.22, 0.22, 0.22, 0.22, 0.22, 0.22, 0.22, 0.22, 0.562, 0.67, 0.67, 0.67, 0.67, 0.67, 0.67, 0.67, 0.67, 0.67, 0.67, 0.67, 0.67, 0.67, 0.67, 0.67, 0.67, 0.67, 0.67, 0.67, 0.67, 0.67, 0.67, 0.67, 0.67, 0.67, 0.67, 0.67, 0.67, 0.67, 0.67, 0.67, 0.67, 0.67, 0.67, 0.67, 0.67, 0.67, 0.67, 0.67, 0.67, 0.67, 0.67, 0.67, 0.67, 0.67, 0.67, 0.67, 0.67]","[0.032, 0.069, 0.133, 0.133, 0.111, 0.133, 0.133, 0.114, 0.043]","[0.47, -3.3, 0.22, 0.18]",0.47,-3.3,0.22,0.18
2023-09-22,4,209,911,['Bpod0'],462,233,229,314,139,333,212,121,181,150,120,18,102,0.7207792207792207,0.9098712446351931,0.5283842794759825,453,230,223,253,213,40,0.678343949044586,0.28776978417266186,198,99,99,0.31528662420382164,0.7122302158273381,0.7350993377483444,0.9217391304347826,0.5426008968609866,0.8048780487804879,-0.37913823357379606,0.7154150197628458,0.7575757575757576,-0.04216073781291174,0.4830568666086239,0.5137584200155799,9,3,6,0.01948051948051948,0.012875536480686695,0.026200873362445413,333,212,121,832.5,530.0,302.5,0,0,0,0,0.5,0.5,"psych_curve(xdata=array([-70.,  -8.,  -4.,  -2.,   0.,   2.,   4.,   8.,  70.]), ydata=[0.027, 0.091, 0.087, 0.32, 0.154, 0.286, 0.444, 0.591, 0.629], fit=[0.06, 0.06, 0.06, 0.06, 0.06, 0.06, 0.06, 0.06, 0.06, 0.06, 0.06, 0.06, 0.06, 0.06, 0.06, 0.06, 0.06, 0.06, 0.06, 0.06, 0.06, 0.06, 0.06, 0.06, 0.06, 0.06, 0.06, 0.06, 0.06, 0.06, 0.06, 0.06, 0.06, 0.06, 0.06, 0.06, 0.061, 0.061, 0.062, 0.063, 0.064, 0.066, 0.07, 0.075, 0.083, 0.096, 0.113, 0.139, 0.174, 0.22, 0.275, 0.338, 0.402, 0.462, 0.514, 0.554, 0.584, 0.606, 0.621, 0.631, 0.637, 0.642, 0.645, 0.647, 0.648, 0.649, 0.649, 0.649, 0.65, 0.65, 0.65, 0.65, 0.65, 0.65, 0.65, 0.65, 0.65, 0.65, 0.65, 0.65, 0.65, 0.65, 0.65, 0.65, 0.65, 0.65, 0.65, 0.65, 0.65, 0.65, 0.65, 0.65, 0.65, 0.65, 0.65, 0.65, 0.65, 0.65, 0.65, 0.65], params=[0.31, 2.49, 0.06, 0.35], fit_error=[0.013, 0.063, 0.06, 0.095, 0.072, 0.101, 0.097, 0.107, 0.041])",[-70.  -8.  -4.  -2.   0.   2.   4.   8.  70.],"[0.027, 0.091, 0.087, 0.32, 0.154, 0.286, 0.444, 0.591, 0.629]","[0.06, 0.06, 0.06, 0.06, 0.06, 0.06, 0.06, 0.06, 0.06, 0.06, 0.06, 0.06, 0.06, 0.06, 0.06, 0.06, 0.06, 0.06, 0.06, 0.06, 0.06, 0.06, 0.06, 0.06, 0.06, 0.06, 0.06, 0.06, 0.06, 0.06, 0.06, 0.06, 0.06, 0.06, 0.06, 0.06, 0.061, 0.061, 0.062, 0.063, 0.064, 0.066, 0.07, 0.075, 0.083, 0.096, 0.113, 0.139, 0.174, 0.22, 0.275, 0.338, 0.402, 0.462, 0.514, 0.554, 0.584, 0.606, 0.621, 0.631, 0.637, 0.642, 0.645, 0.647, 0.648, 0.649, 0.649, 0.649, 0.65, 0.65, 0.65, 0.65, 0.65, 0.65, 0.65, 0.65, 0.65, 0.65, 0.65, 0.65, 0.65, 0.65, 0.65, 0.65, 0.65, 0.65, 0.65, 0.65, 0.65, 0.65, 0.65, 0.65, 0.65, 0.65, 0.65, 0.65, 0.65, 0.65, 0.65, 0.65]","[0.013, 0.063, 0.06, 0.095, 0.072, 0.101, 0.097, 0.107, 0.041]","[0.31, 2.49, 0.06, 0.35]",0.31,2.49,0.06,0.35,"psych_curve(xdata=array([-70.,  -8.,  -4.,  -2.,   0.,   2.,   4.,   8.,  70.]), ydata=[0.264, 0.286, 0.407, 0.571, 0.462, 0.542, 0.739, 0.783, 0.87], fit=[nan, nan, nan, nan, nan, nan, nan, nan, nan, nan, nan, nan, nan, nan, nan, nan, nan, nan, nan, nan, nan, nan, nan, nan, nan, nan, nan, nan, nan, nan, nan, nan, nan, nan, nan, nan, nan, nan, nan, nan, nan, nan, nan, nan, nan, nan, nan, nan, nan, nan, nan, nan, nan, nan, nan, nan, nan, nan, nan, nan, nan, nan, nan, nan, nan, nan, nan, nan, nan, nan, nan, nan, nan, nan, nan, nan, nan, nan, nan, nan, nan, nan, nan, nan, nan, nan, nan, nan, nan, nan, nan, nan, nan, nan, nan, nan, nan, nan, nan, nan], params=[0.24, 0.82, 0.26, 0.12], fit_error=[0.037, 0.101, 0.096, 0.111, 0.1, 0.104, 0.094, 0.088, 0.028])",[-70.  -8.  -4.  -2.   0.   2.   4.   8.  70.],"[0.027, 0.091, 0.087, 0.32, 0.154, 0.286, 0.444, 0.591, 0.629]","[0.06, 0.06, 0.06, 0.06, 0.06, 0.06, 0.06, 0.06, 0.06, 0.06, 0.06, 0.06, 0.06, 0.06, 0.06, 0.06, 0.06, 0.06, 0.06, 0.06, 0.06, 0.06, 0.06, 0.06, 0.06, 0.06, 0.06, 0.06, 0.06, 0.06, 0.06, 0.06, 0.06, 0.06, 0.06, 0.06, 0.061, 0.061, 0.062, 0.063, 0.064, 0.066, 0.07, 0.075, 0.083, 0.096, 0.113, 0.139, 0.174, 0.22, 0.275, 0.338, 0.402, 0.462, 0.514, 0.554, 0.584, 0.606, 0.621, 0.631, 0.637, 0.642, 0.645, 0.647, 0.648, 0.649, 0.649, 0.649, 0.65, 0.65, 0.65, 0.65, 0.65, 0.65, 0.65, 0.65, 0.65, 0.65, 0.65, 0.65, 0.65, 0.65, 0.65, 0.65, 0.65, 0.65, 0.65, 0.65, 0.65, 0.65, 0.65, 0.65, 0.65, 0.65, 0.65, 0.65, 0.65, 0.65, 0.65, 0.65]","[0.013, 0.063, 0.06, 0.095, 0.072, 0.101, 0.097, 0.107, 0.041]","[0.24, 0.82, 0.26, 0.12]",0.24,0.82,0.26,0.12
2023-09-28,3,215,911,['Bpod0'],405,199,206,275,128,284,177,107,179,104,119,21,98,0.7012345679012346,0.8894472361809045,0.5194174757281553,403,198,205,267,206,61,0.7490909090909091,0.4765625,134,67,67,0.24363636363636362,0.5234375,0.7047146401985112,0.8939393939393939,0.5219512195121951,0.7937743190661478,-0.3719881744271988,0.6704119850187266,0.7761194029850746,-0.10570741796634808,0.6128267045454545,0.3835369318181818,2,1,1,0.0049382716049382715,0.005025125628140704,0.0048543689320388345,284,177,107,710.0,442.5,267.5,0,0,0,0,0.5,0.49999999999999994,"psych_curve(xdata=array([-70.,  -8.,  -4.,  -2.,   0.,   2.,   4.,   8.,  70.]), ydata=[0.008, 0.1, 0.222, 0.4, 0.222, 0.267, 0.348, 0.611, 0.612], fit=[0.02, 0.02, 0.02, 0.02, 0.02, 0.02, 0.02, 0.02, 0.02, 0.02, 0.02, 0.02, 0.02, 0.02, 0.02, 0.02, 0.02, 0.02, 0.02, 0.02, 0.02, 0.021, 0.021, 0.021, 0.021, 0.021, 0.022, 0.022, 0.023, 0.024, 0.025, 0.026, 0.028, 0.03, 0.033, 0.036, 0.04, 0.045, 0.052, 0.06, 0.07, 0.082, 0.097, 0.115, 0.136, 0.16, 0.188, 0.219, 0.253, 0.289, 0.326, 0.363, 0.399, 0.433, 0.465, 0.494, 0.519, 0.541, 0.559, 0.574, 0.587, 0.598, 0.606, 0.613, 0.619, 0.623, 0.627, 0.629, 0.632, 0.633, 0.635, 0.636, 0.637, 0.637, 0.638, 0.638, 0.639, 0.639, 0.639, 0.639, 0.64, 0.64, 0.64, 0.64, 0.64, 0.64, 0.64, 0.64, 0.64, 0.64, 0.64, 0.64, 0.64, 0.64, 0.64, 0.64, 0.64, 0.64, 0.64, 0.64], params=[0.17, 0.87, 0.02, 0.36], fit_error=[0.008, 0.069, 0.101, 0.1, 0.082, 0.118, 0.102, 0.118, 0.042])",[-70.  -8.  -4.  -2.   0.   2.   4.   8.  70.],"[0.008, 0.1, 0.222, 0.4, 0.222, 0.267, 0.348, 0.611, 0.612]","[0.02, 0.02, 0.02, 0.02, 0.02, 0.02, 0.02, 0.02, 0.02, 0.02, 0.02, 0.02, 0.02, 0.02, 0.02, 0.02, 0.02, 0.02, 0.02, 0.02, 0.02, 0.021, 0.021, 0.021, 0.021, 0.021, 0.022, 0.022, 0.023, 0.024, 0.025, 0.026, 0.028, 0.03, 0.033, 0.036, 0.04, 0.045, 0.052, 0.06, 0.07, 0.082, 0.097, 0.115, 0.136, 0.16, 0.188, 0.219, 0.253, 0.289, 0.326, 0.363, 0.399, 0.433, 0.465, 0.494, 0.519, 0.541, 0.559, 0.574, 0.587, 0.598, 0.606, 0.613, 0.619, 0.623, 0.627, 0.629, 0.632, 0.633, 0.635, 0.636, 0.637, 0.637, 0.638, 0.638, 0.639, 0.639, 0.639, 0.639, 0.64, 0.64, 0.64, 0.64, 0.64, 0.64, 0.64, 0.64, 0.64, 0.64, 0.64, 0.64, 0.64, 0.64, 0.64, 0.64, 0.64, 0.64, 0.64, 0.64]","[0.008, 0.069, 0.101, 0.1, 0.082, 0.118, 0.102, 0.118, 0.042]","[0.17, 0.87, 0.02, 0.36]",0.17,0.87,0.02,0.36,"psych_curve(xdata=array([-70.,  -8.,  -4.,  -2.,   0.,   2.,   4.,   8.,  70.]), ydata=[0.371, 0.333, 0.714, 0.667, 0.593, 0.591, 0.8, 0.864, 0.947], fit=[nan, nan, nan, nan, nan, nan, nan, nan, nan, nan, nan, nan, nan, nan, nan, nan, nan, nan, nan, nan, nan, nan, nan, nan, nan, nan, nan, nan, nan, nan, nan, nan, nan, nan, nan, nan, nan, nan, nan, nan, nan, nan, nan, nan, nan, nan, nan, nan, nan, nan, nan, nan, nan, nan, nan, nan, nan, nan, nan, nan, nan, nan, nan, nan, nan, nan, nan, nan, nan, nan, nan, nan, nan, nan, nan, nan, nan, nan, nan, nan, nan, nan, nan, nan, nan, nan, nan, nan, nan, nan, nan, nan, nan, nan, nan, nan, nan, nan, nan, nan], params=[0.18, -0.22, 0.35, 0.05], fit_error=[0.044, 0.126, 0.101, 0.114, 0.096, 0.107, 0.092, 0.075, 0.02])",[-70.  -8.  -4.  -2.   0.   2.   4.   8.  70.],"[0.008, 0.1, 0.222, 0.4, 0.222, 0.267, 0.348, 0.611, 0.612]","[0.02, 0.02, 0.02, 0.02, 0.02, 0.02, 0.02, 0.02, 0.02, 0.02, 0.02, 0.02, 0.02, 0.02, 0.02, 0.02, 0.02, 0.02, 0.02, 0.02, 0.02, 0.021, 0.021, 0.021, 0.021, 0.021, 0.022, 0.022, 0.023, 0.024, 0.025, 0.026, 0.028, 0.03, 0.033, 0.036, 0.04, 0.045, 0.052, 0.06, 0.07, 0.082, 0.097, 0.115, 0.136, 0.16, 0.188, 0.219, 0.253, 0.289, 0.326, 0.363, 0.399, 0.433, 0.465, 0.494, 0.519, 0.541, 0.559, 0.574, 0.587, 0.598, 0.606, 0.613, 0.619, 0.623, 0.627, 0.629, 0.632, 0.633, 0.635, 0.636, 0.637, 0.637, 0.638, 0.638, 0.639, 0.639, 0.639, 0.639, 0.64, 0.64, 0.64, 0.64, 0.64, 0.64, 0.64, 0.64, 0.64, 0.64, 0.64, 0.64, 0.64, 0.64, 0.64, 0.64, 0.64, 0.64, 0.64, 0.64]","[0.008, 0.069, 0.101, 0.1, 0.082, 0.118, 0.102, 0.118, 0.042]","[0.18, -0.22, 0.35, 0.05]",0.18,-0.22,0.35,0.05
2023-09-29,4,216,911,['Bpod0'],506,238,268,253,237,373,184,189,211,160,117,48,69,0.7371541501976284,0.773109243697479,0.7052238805970149,490,232,258,286,150,136,0.5928853754940712,0.5738396624472574,201,101,100,0.39920948616600793,0.4219409282700422,0.7612244897959184,0.7931034482758621,0.7325581395348837,0.8370607028753994,-0.06054530874097841,0.7377622377622378,0.7960199004975125,-0.05825766273527466,0.5833625189706643,0.4105752072180251,16,6,10,0.03162055335968379,0.025210084033613446,0.03731343283582089,373,184,189,932.5,460.0,472.5,0,0,0,0,0.5,0.5,"psych_curve(xdata=array([-70.,  -8.,  -4.,  -2.,   0.,   2.,   4.,   8.,  70.]), ydata=[0.075, 0.348, 0.522, 0.75, 0.538, 0.724, 0.688, 0.786, 0.745], fit=[0.07, 0.07, 0.07, 0.07, 0.07, 0.07, 0.07, 0.07, 0.07, 0.07, 0.07, 0.07, 0.07, 0.07, 0.07, 0.07, 0.07, 0.07, 0.07, 0.07, 0.07, 0.07, 0.07, 0.07, 0.07, 0.07, 0.07, 0.07, 0.071, 0.071, 0.071, 0.072, 0.073, 0.075, 0.077, 0.081, 0.087, 0.096, 0.109, 0.128, 0.154, 0.191, 0.239, 0.298, 0.366, 0.438, 0.508, 0.569, 0.62, 0.659, 0.687, 0.708, 0.722, 0.731, 0.738, 0.742, 0.745, 0.746, 0.748, 0.748, 0.749, 0.749, 0.75, 0.75, 0.75, 0.75, 0.75, 0.75, 0.75, 0.75, 0.75, 0.75, 0.75, 0.75, 0.75, 0.75, 0.75, 0.75, 0.75, 0.75, 0.75, 0.75, 0.75, 0.75, 0.75, 0.75, 0.75, 0.75, 0.75, 0.75, 0.75, 0.75, 0.75, 0.75, 0.75, 0.75, 0.75, 0.75, 0.75, 0.75], params=[0.3, -6.92, 0.07, 0.25], fit_error=[0.021, 0.102, 0.106, 0.112, 0.1, 0.084, 0.083, 0.079, 0.035])",[-70.  -8.  -4.  -2.   0.   2.   4.   8.  70.],"[0.075, 0.348, 0.522, 0.75, 0.538, 0.724, 0.688, 0.786, 0.745]","[0.07, 0.07, 0.07, 0.07, 0.07, 0.07, 0.07, 0.07, 0.07, 0.07, 0.07, 0.07, 0.07, 0.07, 0.07, 0.07, 0.07, 0.07, 0.07, 0.07, 0.07, 0.07, 0.07, 0.07, 0.07, 0.07, 0.07, 0.07, 0.071, 0.071, 0.071, 0.072, 0.073, 0.075, 0.077, 0.081, 0.087, 0.096, 0.109, 0.128, 0.154, 0.191, 0.239, 0.298, 0.366, 0.438, 0.508, 0.569, 0.62, 0.659, 0.687, 0.708, 0.722, 0.731, 0.738, 0.742, 0.745, 0.746, 0.748, 0.748, 0.749, 0.749, 0.75, 0.75, 0.75, 0.75, 0.75, 0.75, 0.75, 0.75, 0.75, 0.75, 0.75, 0.75, 0.75, 0.75, 0.75, 0.75, 0.75, 0.75, 0.75, 0.75, 0.75, 0.75, 0.75, 0.75, 0.75, 0.75, 0.75, 0.75, 0.75, 0.75, 0.75, 0.75, 0.75, 0.75, 0.75, 0.75, 0.75, 0.75]","[0.021, 0.102, 0.106, 0.112, 0.1, 0.084, 0.083, 0.079, 0.035]","[0.3, -6.92, 0.07, 0.25]",0.3,-6.92,0.07,0.25,"psych_curve(xdata=array([-70.,  -8.,  -4.,  -2.,   0.,   2.,   4.,   8.,  70.]), ydata=[0.236, 0.333, 0.552, 0.478, 0.538, 0.571, 0.769, 0.767, 0.908], fit=[nan, nan, nan, nan, nan, nan, nan, nan, nan, nan, nan, nan, nan, nan, nan, nan, nan, nan, nan, nan, nan, nan, nan, nan, nan, nan, nan, nan, nan, nan, nan, nan, nan, nan, nan, nan, nan, nan, nan, nan, nan, nan, nan, nan, nan, nan, nan, nan, nan, nan, nan, nan, nan, nan, nan, nan, nan, nan, nan, nan, nan, nan, nan, nan, nan, nan, nan, nan, nan, nan, nan, nan, nan, nan, nan, nan, nan, nan, nan, nan, nan, nan, nan, nan, nan, nan, nan, nan, nan, nan, nan, nan, nan, nan, nan, nan, nan, nan, nan, nan], params=[0.18, -0.0, 0.23, 0.09], fit_error=[0.035, 0.105, 0.094, 0.106, 0.1, 0.111, 0.084, 0.079, 0.023])",[-70.  -8.  -4.  -2.   0.   2.   4.   8.  70.],"[0.075, 0.348, 0.522, 0.75, 0.538, 0.724, 0.688, 0.786, 0.745]","[0.07, 0.07, 0.07, 0.07, 0.07, 0.07, 0.07, 0.07, 0.07, 0.07, 0.07, 0.07, 0.07, 0.07, 0.07, 0.07, 0.07, 0.07, 0.07, 0.07, 0.07, 0.07, 0.07, 0.07, 0.07, 0.07, 0.07, 0.07, 0.071, 0.071, 0.071, 0.072, 0.073, 0.075, 0.077, 0.081, 0.087, 0.096, 0.109, 0.128, 0.154, 0.191, 0.239, 0.298, 0.366, 0.438, 0.508, 0.569, 0.62, 0.659, 0.687, 0.708, 0.722, 0.731, 0.738, 0.742, 0.745, 0.746, 0.748, 0.748, 0.749, 0.749, 0.75, 0.75, 0.75, 0.75, 0.75, 0.75, 0.75, 0.75, 0.75, 0.75, 0.75, 0.75, 0.75, 0.75, 0.75, 0.75, 0.75, 0.75, 0.75, 0.75, 0.75, 0.75, 0.75, 0.75, 0.75, 0.75, 0.75, 0.75, 0.75, 0.75, 0.75, 0.75, 0.75, 0.75, 0.75, 0.75, 0.75, 0.75]","[0.021, 0.102, 0.106, 0.112, 0.1, 0.084, 0.083, 0.079, 0.035]","[0.18, -0.0, 0.23, 0.09]",0.18,-0.0,0.23,0.09
2023-10-02,0,219,911,['Bpod0'],552,277,275,296,247,427,227,200,210,216,116,47,69,0.7735507246376812,0.8194945848375451,0.7272727272727273,543,274,269,278,163,115,0.5506756756756757,0.46558704453441296,264,132,132,0.44594594594594594,0.5344129554655871,0.7863720073664825,0.8284671532846716,0.7434944237918215,0.8674351585014409,-0.08497272949285006,0.7553956834532374,0.8181818181818182,-0.06278613472858086,0.5081313601050443,0.4901794507057665,9,3,6,0.016304347826086956,0.010830324909747292,0.02181818181818182,427,227,200,1067.5,567.5,500.0,0,0,0,0,0.5,0.5,"psych_curve(xdata=array([-70.,  -8.,  -4.,  -2.,   0.,   2.,   4.,   8.,  70.]), ydata=[0.064, 0.24, 0.364, 0.367, 0.52, 0.483, 0.733, 0.75, 0.8], fit=[0.08, 0.08, 0.08, 0.08, 0.08, 0.08, 0.08, 0.08, 0.08, 0.08, 0.08, 0.08, 0.08, 0.08, 0.08, 0.08, 0.08, 0.08, 0.08, 0.08, 0.08, 0.08, 0.08, 0.08, 0.08, 0.08, 0.081, 0.081, 0.081, 0.082, 0.082, 0.083, 0.084, 0.086, 0.088, 0.09, 0.094, 0.099, 0.106, 0.115, 0.127, 0.143, 0.163, 0.189, 0.221, 0.26, 0.305, 0.357, 0.412, 0.47, 0.526, 0.579, 0.627, 0.668, 0.702, 0.73, 0.752, 0.769, 0.782, 0.791, 0.799, 0.804, 0.809, 0.812, 0.814, 0.815, 0.817, 0.818, 0.818, 0.819, 0.819, 0.819, 0.819, 0.82, 0.82, 0.82, 0.82, 0.82, 0.82, 0.82, 0.82, 0.82, 0.82, 0.82, 0.82, 0.82, 0.82, 0.82, 0.82, 0.82, 0.82, 0.82, 0.82, 0.82, 0.82, 0.82, 0.82, 0.82, 0.82, 0.82], params=[0.22, -1.19, 0.08, 0.18], fit_error=[0.019, 0.087, 0.085, 0.089, 0.102, 0.094, 0.082, 0.09, 0.03])",[-70.  -8.  -4.  -2.   0.   2.   4.   8.  70.],"[0.064, 0.24, 0.364, 0.367, 0.52, 0.483, 0.733, 0.75, 0.8]","[0.08, 0.08, 0.08, 0.08, 0.08, 0.08, 0.08, 0.08, 0.08, 0.08, 0.08, 0.08, 0.08, 0.08, 0.08, 0.08, 0.08, 0.08, 0.08, 0.08, 0.08, 0.08, 0.08, 0.08, 0.08, 0.08, 0.081, 0.081, 0.081, 0.082, 0.082, 0.083, 0.084, 0.086, 0.088, 0.09, 0.094, 0.099, 0.106, 0.115, 0.127, 0.143, 0.163, 0.189, 0.221, 0.26, 0.305, 0.357, 0.412, 0.47, 0.526, 0.579, 0.627, 0.668, 0.702, 0.73, 0.752, 0.769, 0.782, 0.791, 0.799, 0.804, 0.809, 0.812, 0.814, 0.815, 0.817, 0.818, 0.818, 0.819, 0.819, 0.819, 0.819, 0.82, 0.82, 0.82, 0.82, 0.82, 0.82, 0.82, 0.82, 0.82, 0.82, 0.82, 0.82, 0.82, 0.82, 0.82, 0.82, 0.82, 0.82, 0.82, 0.82, 0.82, 0.82, 0.82, 0.82, 0.82, 0.82, 0.82]","[0.019, 0.087, 0.085, 0.089, 0.102, 0.094, 0.082, 0.09, 0.03]","[0.22, -1.19, 0.08, 0.18]",0.22,-1.19,0.08,0.18,"psych_curve(xdata=array([-70.,  -8.,  -4.,  -2.,  -0.,   2.,   4.,   8.,  70.]), ydata=[0.155, 0.296, 0.31, 0.556, 0.36, 0.656, 0.676, 0.818, 0.891], fit=[nan, nan, nan, nan, nan, nan, nan, nan, nan, nan, nan, nan, nan, nan, nan, nan, nan, nan, nan, nan, nan, nan, nan, nan, nan, nan, nan, nan, nan, nan, nan, nan, nan, nan, nan, nan, nan, nan, nan, nan, nan, nan, nan, nan, nan, nan, nan, nan, nan, nan, nan, nan, nan, nan, nan, nan, nan, nan, nan, nan, nan, nan, nan, nan, nan, nan, nan, nan, nan, nan, nan, nan, nan, nan, nan, nan, nan, nan, nan, nan, nan, nan, nan, nan, nan, nan, nan, nan, nan, nan, nan, nan, nan, nan, nan, nan, nan, nan, nan, nan], params=[0.23, 0.56, 0.17, 0.1], fit_error=[0.027, 0.09, 0.087, 0.097, 0.098, 0.085, 0.081, 0.084, 0.024])",[-70.  -8.  -4.  -2.   0.   2.   4.   8.  70.],"[0.064, 0.24, 0.364, 0.367, 0.52, 0.483, 0.733, 0.75, 0.8]","[0.08, 0.08, 0.08, 0.08, 0.08, 0.08, 0.08, 0.08, 0.08, 0.08, 0.08, 0.08, 0.08, 0.08, 0.08, 0.08, 0.08, 0.08, 0.08, 0.08, 0.08, 0.08, 0.08, 0.08, 0.08, 0.08, 0.081, 0.081, 0.081, 0.082, 0.082, 0.083, 0.084, 0.086, 0.088, 0.09, 0.094, 0.099, 0.106, 0.115, 0.127, 0.143, 0.163, 0.189, 0.221, 0.26, 0.305, 0.357, 0.412, 0.47, 0.526, 0.579, 0.627, 0.668, 0.702, 0.73, 0.752, 0.769, 0.782, 0.791, 0.799, 0.804, 0.809, 0.812, 0.814, 0.815, 0.817, 0.818, 0.818, 0.819, 0.819, 0.819, 0.819, 0.82, 0.82, 0.82, 0.82, 0.82, 0.82, 0.82, 0.82, 0.82, 0.82, 0.82, 0.82, 0.82, 0.82, 0.82, 0.82, 0.82, 0.82, 0.82, 0.82, 0.82, 0.82, 0.82, 0.82, 0.82, 0.82, 0.82]","[0.019, 0.087, 0.085, 0.089, 0.102, 0.094, 0.082, 0.09, 0.03]","[0.23, 0.56, 0.17, 0.1]",0.23,0.56,0.17,0.1
2023-10-03,1,220,911,['Bpod0'],493,247,246,354,134,361,236,125,207,150,127,9,118,0.7322515212981744,0.9554655870445344,0.508130081300813,488,245,243,292,254,38,0.7175141242937854,0.2835820895522388,190,94,96,0.2655367231638418,0.7164179104477612,0.7397540983606558,0.963265306122449,0.51440329218107,0.7661538461538462,-0.44886201394137903,0.708904109589041,0.7894736842105263,-0.08056957462148528,0.5005481069230121,0.4909773168058015,5,2,3,0.010141987829614604,0.008097165991902834,0.012195121951219513,361,236,125,902.5,590.0,312.5,0,0,0,0,0.5,0.5,"psych_curve(xdata=array([-70.,  -8.,  -4.,  -2.,   0.,   2.,   4.,   8.,  70.]), ydata=[0.018, 0.036, 0.038, 0.136, 0.471, 0.296, 0.562, 0.481, 0.547], fit=[0.03, 0.03, 0.03, 0.03, 0.03, 0.03, 0.03, 0.03, 0.03, 0.03, 0.03, 0.03, 0.03, 0.03, 0.03, 0.03, 0.03, 0.03, 0.03, 0.03, 0.03, 0.03, 0.03, 0.03, 0.03, 0.03, 0.03, 0.03, 0.03, 0.03, 0.03, 0.03, 0.03, 0.03, 0.03, 0.03, 0.03, 0.03, 0.03, 0.03, 0.03, 0.03, 0.03, 0.03, 0.03, 0.03, 0.03, 0.031, 0.106, 0.45, 0.47, 0.47, 0.47, 0.47, 0.47, 0.47, 0.47, 0.47, 0.47, 0.47, 0.47, 0.47, 0.47, 0.47, 0.47, 0.47, 0.47, 0.47, 0.47, 0.47, 0.47, 0.47, 0.47, 0.47, 0.47, 0.47, 0.47, 0.47, 0.47, 0.47, 0.47, 0.47, 0.47, 0.47, 0.47, 0.47, 0.47, 0.47, 0.47, 0.47, 0.47, 0.47, 0.47, 0.47, 0.47, 0.47, 0.47, 0.47, 0.47, 0.47], params=[3.26, -1.64, 0.03, 0.53], fit_error=[0.01, 0.036, 0.038, 0.075, 0.125, 0.09, 0.128, 0.098, 0.039])",[-70.  -8.  -4.  -2.   0.   2.   4.   8.  70.],"[0.018, 0.036, 0.038, 0.136, 0.471, 0.296, 0.562, 0.481, 0.547]","[0.03, 0.03, 0.03, 0.03, 0.03, 0.03, 0.03, 0.03, 0.03, 0.03, 0.03, 0.03, 0.03, 0.03, 0.03, 0.03, 0.03, 0.03, 0.03, 0.03, 0.03, 0.03, 0.03, 0.03, 0.03, 0.03, 0.03, 0.03, 0.03, 0.03, 0.03, 0.03, 0.03, 0.03, 0.03, 0.03, 0.03, 0.03, 0.03, 0.03, 0.03, 0.03, 0.03, 0.03, 0.03, 0.03, 0.03, 0.031, 0.106, 0.45, 0.47, 0.47, 0.47, 0.47, 0.47, 0.47, 0.47, 0.47, 0.47, 0.47, 0.47, 0.47, 0.47, 0.47, 0.47, 0.47, 0.47, 0.47, 0.47, 0.47, 0.47, 0.47, 0.47, 0.47, 0.47, 0.47, 0.47, 0.47, 0.47, 0.47, 0.47, 0.47, 0.47, 0.47, 0.47, 0.47, 0.47, 0.47, 0.47, 0.47, 0.47, 0.47, 0.47, 0.47, 0.47, 0.47, 0.47, 0.47, 0.47, 0.47]","[0.01, 0.036, 0.038, 0.075, 0.125, 0.09, 0.128, 0.098, 0.039]","[3.26, -1.64, 0.03, 0.53]",3.26,-1.64,0.03,0.53,"psych_curve(xdata=array([-70.,  -8.,  -4.,  -2.,  -0.,   2.,   4.,   8.,  70.]), ydata=[0.318, 0.4, 0.357, 0.714, 0.412, 0.75, 0.893, 0.824, 0.86], fit=[nan, nan, nan, nan, nan, nan, nan, nan, nan, nan, nan, nan, nan, nan, nan, nan, nan, nan, nan, nan, nan, nan, nan, nan, nan, nan, nan, nan, nan, nan, nan, nan, nan, nan, nan, nan, nan, nan, nan, nan, nan, nan, nan, nan, nan, nan, nan, nan, nan, nan, nan, nan, nan, nan, nan, nan, nan, nan, nan, nan, nan, nan, nan, nan, nan, nan, nan, nan, nan, nan, nan, nan, nan, nan, nan, nan, nan, nan, nan, nan, nan, nan, nan, nan, nan, nan, nan, nan, nan, nan, nan, nan, nan, nan, nan, nan, nan, nan, nan, nan], params=[6.89, 1.85, 0.44, 0.14], fit_error=[0.036, 0.112, 0.133, 0.101, 0.123, 0.083, 0.06, 0.066, 0.028])",[-70.  -8.  -4.  -2.   0.   2.   4.   8.  70.],"[0.018, 0.036, 0.038, 0.136, 0.471, 0.296, 0.562, 0.481, 0.547]","[0.03, 0.03, 0.03, 0.03, 0.03, 0.03, 0.03, 0.03, 0.03, 0.03, 0.03, 0.03, 0.03, 0.03, 0.03, 0.03, 0.03, 0.03, 0.03, 0.03, 0.03, 0.03, 0.03, 0.03, 0.03, 0.03, 0.03, 0.03, 0.03, 0.03, 0.03, 0.03, 0.03, 0.03, 0.03, 0.03, 0.03, 0.03, 0.03, 0.03, 0.03, 0.03, 0.03, 0.03, 0.03, 0.03, 0.03, 0.031, 0.106, 0.45, 0.47, 0.47, 0.47, 0.47, 0.47, 0.47, 0.47, 0.47, 0.47, 0.47, 0.47, 0.47, 0.47, 0.47, 0.47, 0.47, 0.47, 0.47, 0.47, 0.47, 0.47, 0.47, 0.47, 0.47, 0.47, 0.47, 0.47, 0.47, 0.47, 0.47, 0.47, 0.47, 0.47, 0.47, 0.47, 0.47, 0.47, 0.47, 0.47, 0.47, 0.47, 0.47, 0.47, 0.47, 0.47, 0.47, 0.47, 0.47, 0.47, 0.47]","[0.01, 0.036, 0.038, 0.075, 0.125, 0.09, 0.128, 0.098, 0.039]","[6.89, 1.85, 0.44, 0.14]",6.89,1.85,0.44,0.14
2023-10-04,2,221,911,['Bpod0'],411,202,209,261,137,295,178,117,162,131,103,20,83,0.7177615571776156,0.8811881188118812,0.5598086124401914,398,198,200,230,175,55,0.6704980842911877,0.40145985401459855,164,82,82,0.31417624521072796,0.5985401459854015,0.7412060301507538,0.898989898989899,0.585,0.8022388059701493,-0.31398989898989904,0.7043478260869566,0.7987804878048781,-0.09443266171792153,0.5359789691528931,0.45635819559806473,13,4,9,0.031630170316301706,0.019801980198019802,0.0430622009569378,295,178,117,737.5,445.0,292.5,0,0,0,0,0.5,0.5,"psych_curve(xdata=array([-70.,  -8.,  -4.,  -2.,   0.,   2.,   4.,   8.,  70.]), ydata=[0.015, 0.143, 0.227, 0.385, 0.385, 0.619, 0.421, 0.524, 0.625], fit=[0.02, 0.02, 0.02, 0.02, 0.02, 0.02, 0.02, 0.02, 0.02, 0.02, 0.02, 0.02, 0.02, 0.02, 0.02, 0.02, 0.02, 0.02, 0.02, 0.02, 0.02, 0.02, 0.02, 0.02, 0.02, 0.02, 0.02, 0.02, 0.02, 0.02, 0.02, 0.021, 0.021, 0.022, 0.023, 0.024, 0.026, 0.029, 0.033, 0.039, 0.048, 0.061, 0.08, 0.106, 0.14, 0.183, 0.234, 0.29, 0.347, 0.4, 0.446, 0.483, 0.512, 0.533, 0.548, 0.558, 0.565, 0.57, 0.573, 0.576, 0.577, 0.578, 0.579, 0.579, 0.579, 0.58, 0.58, 0.58, 0.58, 0.58, 0.58, 0.58, 0.58, 0.58, 0.58, 0.58, 0.58, 0.58, 0.58, 0.58, 0.58, 0.58, 0.58, 0.58, 0.58, 0.58, 0.58, 0.58, 0.58, 0.58, 0.58, 0.58, 0.58, 0.58, 0.58, 0.58, 0.58, 0.58, 0.58, 0.58], params=[0.29, -3.29, 0.02, 0.42], fit_error=[0.011, 0.078, 0.091, 0.14, 0.14, 0.109, 0.116, 0.112, 0.042])",[-70.  -8.  -4.  -2.   0.   2.   4.   8.  70.],"[0.015, 0.143, 0.227, 0.385, 0.385, 0.619, 0.421, 0.524, 0.625]","[0.02, 0.02, 0.02, 0.02, 0.02, 0.02, 0.02, 0.02, 0.02, 0.02, 0.02, 0.02, 0.02, 0.02, 0.02, 0.02, 0.02, 0.02, 0.02, 0.02, 0.02, 0.02, 0.02, 0.02, 0.02, 0.02, 0.02, 0.02, 0.02, 0.02, 0.02, 0.021, 0.021, 0.022, 0.023, 0.024, 0.026, 0.029, 0.033, 0.039, 0.048, 0.061, 0.08, 0.106, 0.14, 0.183, 0.234, 0.29, 0.347, 0.4, 0.446, 0.483, 0.512, 0.533, 0.548, 0.558, 0.565, 0.57, 0.573, 0.576, 0.577, 0.578, 0.579, 0.579, 0.579, 0.58, 0.58, 0.58, 0.58, 0.58, 0.58, 0.58, 0.58, 0.58, 0.58, 0.58, 0.58, 0.58, 0.58, 0.58, 0.58, 0.58, 0.58, 0.58, 0.58, 0.58, 0.58, 0.58, 0.58, 0.58, 0.58, 0.58, 0.58, 0.58, 0.58, 0.58, 0.58, 0.58, 0.58, 0.58]","[0.011, 0.078, 0.091, 0.14, 0.14, 0.109, 0.116, 0.112, 0.042]","[0.29, -3.29, 0.02, 0.42]",0.29,-3.29,0.02,0.42,"psych_curve(xdata=array([-70.,  -8.,  -4.,  -2.,  -0.,   2.,   4.,   8.,  70.]), ydata=[0.288, 0.55, 0.35, 0.4, 0.462, 0.643, 0.571, 0.909, 0.902], fit=[nan, nan, nan, nan, nan, nan, nan, nan, nan, nan, nan, nan, nan, nan, nan, nan, nan, nan, nan, nan, nan, nan, nan, nan, nan, nan, nan, nan, nan, nan, nan, nan, nan, nan, nan, nan, nan, nan, nan, nan, nan, nan, nan, nan, nan, nan, nan, nan, nan, nan, nan, nan, nan, nan, nan, nan, nan, nan, nan, nan, nan, nan, nan, nan, nan, nan, nan, nan, nan, nan, nan, nan, nan, nan, nan, nan, nan, nan, nan, nan, nan, nan, nan, nan, nan, nan, nan, nan, nan, nan, nan, nan, nan, nan, nan, nan, nan, nan, nan, nan], params=[0.46, 3.93, 0.39, 0.07], fit_error=[0.04, 0.114, 0.109, 0.112, 0.144, 0.133, 0.111, 0.063, 0.026])",[-70.  -8.  -4.  -2.   0.   2.   4.   8.  70.],"[0.015, 0.143, 0.227, 0.385, 0.385, 0.619, 0.421, 0.524, 0.625]","[0.02, 0.02, 0.02, 0.02, 0.02, 0.02, 0.02, 0.02, 0.02, 0.02, 0.02, 0.02, 0.02, 0.02, 0.02, 0.02, 0.02, 0.02, 0.02, 0.02, 0.02, 0.02, 0.02, 0.02, 0.02, 0.02, 0.02, 0.02, 0.02, 0.02, 0.02, 0.021, 0.021, 0.022, 0.023, 0.024, 0.026, 0.029, 0.033, 0.039, 0.048, 0.061, 0.08, 0.106, 0.14, 0.183, 0.234, 0.29, 0.347, 0.4, 0.446, 0.483, 0.512, 0.533, 0.548, 0.558, 0.565, 0.57, 0.573, 0.576, 0.577, 0.578, 0.579, 0.579, 0.579, 0.58, 0.58, 0.58, 0.58, 0.58, 0.58, 0.58, 0.58, 0.58, 0.58, 0.58, 0.58, 0.58, 0.58, 0.58, 0.58, 0.58, 0.58, 0.58, 0.58, 0.58, 0.58, 0.58, 0.58, 0.58, 0.58, 0.58, 0.58, 0.58, 0.58, 0.58, 0.58, 0.58, 0.58, 0.58]","[0.011, 0.078, 0.091, 0.14, 0.14, 0.109, 0.116, 0.112, 0.042]","[0.46, 3.93, 0.39, 0.07]",0.46,3.93,0.39,0.07
2023-10-05,3,222,911,['Bpod0'],510,258,252,295,206,351,200,151,215,135,150,55,95,0.6882352941176471,0.7751937984496124,0.5992063492063492,501,255,246,340,214,126,0.7254237288135593,0.6116504854368932,160,80,80,0.2711864406779661,0.3883495145631068,0.7005988023952096,0.7843137254901961,0.6138211382113821,0.807570977917981,-0.170492587278814,0.6323529411764706,0.84375,-0.21139705882352944,0.6685371071252262,0.32976797762053645,9,3,6,0.01764705882352941,0.011627906976744186,0.023809523809523808,351,200,151,877.5,500.0,377.5,0,0,0,0,0.5,0.5,"psych_curve(xdata=array([-70.,  -8.,  -4.,  -2.,   0.,   2.,   4.,   8.,  70.]), ydata=[0.069, 0.357, 0.455, 0.448, 0.529, 0.478, 0.538, 0.5, 0.684], fit=[0.069, 0.07, 0.071, 0.072, 0.073, 0.075, 0.076, 0.078, 0.08, 0.082, 0.084, 0.086, 0.089, 0.092, 0.095, 0.098, 0.102, 0.106, 0.11, 0.115, 0.12, 0.126, 0.132, 0.138, 0.145, 0.153, 0.161, 0.169, 0.179, 0.188, 0.199, 0.21, 0.221, 0.233, 0.246, 0.259, 0.273, 0.287, 0.301, 0.316, 0.331, 0.346, 0.361, 0.377, 0.392, 0.407, 0.422, 0.437, 0.451, 0.465, 0.479, 0.492, 0.505, 0.517, 0.529, 0.54, 0.55, 0.56, 0.569, 0.578, 0.586, 0.594, 0.601, 0.608, 0.614, 0.619, 0.624, 0.629, 0.634, 0.638, 0.642, 0.645, 0.648, 0.651, 0.654, 0.656, 0.658, 0.66, 0.662, 0.664, 0.665, 0.666, 0.668, 0.669, 0.67, 0.671, 0.672, 0.672, 0.673, 0.674, 0.674, 0.675, 0.675, 0.676, 0.676, 0.677, 0.677, 0.677, 0.677, 0.678], params=[0.07, -9.8, 0.06, 0.32], fit_error=[0.02, 0.092, 0.109, 0.094, 0.087, 0.106, 0.1, 0.109, 0.037])",[-70.  -8.  -4.  -2.   0.   2.   4.   8.  70.],"[0.069, 0.357, 0.455, 0.448, 0.529, 0.478, 0.538, 0.5, 0.684]","[0.069, 0.07, 0.071, 0.072, 0.073, 0.075, 0.076, 0.078, 0.08, 0.082, 0.084, 0.086, 0.089, 0.092, 0.095, 0.098, 0.102, 0.106, 0.11, 0.115, 0.12, 0.126, 0.132, 0.138, 0.145, 0.153, 0.161, 0.169, 0.179, 0.188, 0.199, 0.21, 0.221, 0.233, 0.246, 0.259, 0.273, 0.287, 0.301, 0.316, 0.331, 0.346, 0.361, 0.377, 0.392, 0.407, 0.422, 0.437, 0.451, 0.465, 0.479, 0.492, 0.505, 0.517, 0.529, 0.54, 0.55, 0.56, 0.569, 0.578, 0.586, 0.594, 0.601, 0.608, 0.614, 0.619, 0.624, 0.629, 0.634, 0.638, 0.642, 0.645, 0.648, 0.651, 0.654, 0.656, 0.658, 0.66, 0.662, 0.664, 0.665, 0.666, 0.668, 0.669, 0.67, 0.671, 0.672, 0.672, 0.673, 0.674, 0.674, 0.675, 0.675, 0.676, 0.676, 0.677, 0.677, 0.677, 0.677, 0.678]","[0.02, 0.092, 0.109, 0.094, 0.087, 0.106, 0.1, 0.109, 0.037]","[0.07, -9.8, 0.06, 0.32]",0.07,-9.8,0.06,0.32,"psych_curve(xdata=array([-70.,  -8.,  -4.,  -2.,   0.,   2.,   4.,   8.,  70.]), ydata=[0.353, 0.621, 0.625, 0.636, 0.794, 0.789, 0.708, 0.857, 0.962], fit=[nan, nan, nan, nan, nan, nan, nan, nan, nan, nan, nan, nan, nan, nan, nan, nan, nan, nan, nan, nan, nan, nan, nan, nan, nan, nan, nan, nan, nan, nan, nan, nan, nan, nan, nan, nan, nan, nan, nan, nan, nan, nan, nan, nan, nan, nan, nan, nan, nan, nan, nan, nan, nan, nan, nan, nan, nan, nan, nan, nan, nan, nan, nan, nan, nan, nan, nan, nan, nan, nan, nan, nan, nan, nan, nan, nan, nan, nan, nan, nan, nan, nan, nan, nan, nan, nan, nan, nan, nan, nan, nan, nan, nan, nan, nan, nan, nan, nan, nan, nan], params=[0.11, -3.89, 0.35, 0.04], fit_error=[0.038, 0.092, 0.101, 0.085, 0.07, 0.096, 0.095, 0.078, 0.015])",[-70.  -8.  -4.  -2.   0.   2.   4.   8.  70.],"[0.069, 0.357, 0.455, 0.448, 0.529, 0.478, 0.538, 0.5, 0.684]","[0.069, 0.07, 0.071, 0.072, 0.073, 0.075, 0.076, 0.078, 0.08, 0.082, 0.084, 0.086, 0.089, 0.092, 0.095, 0.098, 0.102, 0.106, 0.11, 0.115, 0.12, 0.126, 0.132, 0.138, 0.145, 0.153, 0.161, 0.169, 0.179, 0.188, 0.199, 0.21, 0.221, 0.233, 0.246, 0.259, 0.273, 0.287, 0.301, 0.316, 0.331, 0.346, 0.361, 0.377, 0.392, 0.407, 0.422, 0.437, 0.451, 0.465, 0.479, 0.492, 0.505, 0.517, 0.529, 0.54, 0.55, 0.56, 0.569, 0.578, 0.586, 0.594, 0.601, 0.608, 0.614, 0.619, 0.624, 0.629, 0.634, 0.638, 0.642, 0.645, 0.648, 0.651, 0.654, 0.656, 0.658, 0.66, 0.662, 0.664, 0.665, 0.666, 0.668, 0.669, 0.67, 0.671, 0.672, 0.672, 0.673, 0.674, 0.674, 0.675, 0.675, 0.676, 0.676, 0.677, 0.677, 0.677, 0.677, 0.678]","[0.02, 0.092, 0.109, 0.094, 0.087, 0.106, 0.1, 0.109, 0.037]","[0.11, -3.89, 0.35, 0.04]",0.11,-3.89,0.35,0.04
2023-10-09,0,226,911,['Bpod0'],509,267,242,316,165,361,221,140,192,161,120,25,95,0.7092337917485265,0.8277153558052435,0.5785123966942148,481,246,235,267,206,61,0.6518987341772152,0.3696969696969697,204,103,101,0.3259493670886076,0.6121212121212121,0.7505197505197505,0.8983739837398373,0.5957446808510638,0.8384879725085911,-0.30262930288877354,0.7191011235955056,0.7892156862745098,-0.07011456267900418,0.5107978519370925,0.4690352896049098,28,21,7,0.0550098231827112,0.07865168539325842,0.028925619834710745,361,221,140,902.5,552.5,350.0,0,0,0,0,0.5,0.5,"psych_curve(xdata=array([-70.,  -8.,  -4.,  -2.,   0.,   2.,   4.,   8.,  70.]), ydata=[0.007, 0.154, 0.103, 0.333, 0.32, 0.414, 0.375, 0.625, 0.689], fit=[0.02, 0.02, 0.02, 0.02, 0.02, 0.02, 0.02, 0.02, 0.02, 0.02, 0.02, 0.02, 0.02, 0.02, 0.02, 0.02, 0.02, 0.02, 0.02, 0.02, 0.02, 0.02, 0.02, 0.02, 0.02, 0.02, 0.021, 0.021, 0.021, 0.021, 0.022, 0.022, 0.023, 0.024, 0.025, 0.027, 0.03, 0.033, 0.037, 0.043, 0.051, 0.061, 0.074, 0.09, 0.111, 0.137, 0.169, 0.206, 0.249, 0.296, 0.346, 0.396, 0.445, 0.49, 0.531, 0.566, 0.595, 0.619, 0.638, 0.652, 0.664, 0.673, 0.68, 0.685, 0.689, 0.692, 0.694, 0.695, 0.696, 0.697, 0.698, 0.699, 0.699, 0.699, 0.699, 0.7, 0.7, 0.7, 0.7, 0.7, 0.7, 0.7, 0.7, 0.7, 0.7, 0.7, 0.7, 0.7, 0.7, 0.7, 0.7, 0.7, 0.7, 0.7, 0.7, 0.7, 0.7, 0.7, 0.7, 0.7], params=[0.21, 1.11, 0.02, 0.3], fit_error=[0.007, 0.072, 0.058, 0.083, 0.095, 0.093, 0.101, 0.101, 0.038])",[-70.  -8.  -4.  -2.   0.   2.   4.   8.  70.],"[0.007, 0.154, 0.103, 0.333, 0.32, 0.414, 0.375, 0.625, 0.689]","[0.02, 0.02, 0.02, 0.02, 0.02, 0.02, 0.02, 0.02, 0.02, 0.02, 0.02, 0.02, 0.02, 0.02, 0.02, 0.02, 0.02, 0.02, 0.02, 0.02, 0.02, 0.02, 0.02, 0.02, 0.02, 0.02, 0.021, 0.021, 0.021, 0.021, 0.022, 0.022, 0.023, 0.024, 0.025, 0.027, 0.03, 0.033, 0.037, 0.043, 0.051, 0.061, 0.074, 0.09, 0.111, 0.137, 0.169, 0.206, 0.249, 0.296, 0.346, 0.396, 0.445, 0.49, 0.531, 0.566, 0.595, 0.619, 0.638, 0.652, 0.664, 0.673, 0.68, 0.685, 0.689, 0.692, 0.694, 0.695, 0.696, 0.697, 0.698, 0.699, 0.699, 0.699, 0.699, 0.7, 0.7, 0.7, 0.7, 0.7, 0.7, 0.7, 0.7, 0.7, 0.7, 0.7, 0.7, 0.7, 0.7, 0.7, 0.7, 0.7, 0.7, 0.7, 0.7, 0.7, 0.7, 0.7, 0.7, 0.7]","[0.007, 0.072, 0.058, 0.083, 0.095, 0.093, 0.101, 0.101, 0.038]","[0.21, 1.11, 0.02, 0.3]",0.21,1.11,0.02,0.3,"psych_curve(xdata=array([-70.,  -8.,  -4.,  -2.,   0.,   2.,   4.,   8.,  70.]), ydata=[0.243, 0.32, 0.423, 0.52, 0.52, 0.6, 0.741, 0.792, 0.926], fit=[nan, nan, nan, nan, nan, nan, nan, nan, nan, nan, nan, nan, nan, nan, nan, nan, nan, nan, nan, nan, nan, nan, nan, nan, nan, nan, nan, nan, nan, nan, nan, nan, nan, nan, nan, nan, nan, nan, nan, nan, nan, nan, nan, nan, nan, nan, nan, nan, nan, nan, nan, nan, nan, nan, nan, nan, nan, nan, nan, nan, nan, nan, nan, nan, nan, nan, nan, nan, nan, nan, nan, nan, nan, nan, nan, nan, nan, nan, nan, nan, nan, nan, nan, nan, nan, nan, nan, nan, nan, nan, nan, nan, nan, nan, nan, nan, nan, nan, nan, nan], params=[0.22, 0.77, 0.24, 0.08], fit_error=[0.035, 0.095, 0.099, 0.102, 0.102, 0.084, 0.086, 0.085, 0.022])",[-70.  -8.  -4.  -2.   0.   2.   4.   8.  70.],"[0.007, 0.154, 0.103, 0.333, 0.32, 0.414, 0.375, 0.625, 0.689]","[0.02, 0.02, 0.02, 0.02, 0.02, 0.02, 0.02, 0.02, 0.02, 0.02, 0.02, 0.02, 0.02, 0.02, 0.02, 0.02, 0.02, 0.02, 0.02, 0.02, 0.02, 0.02, 0.02, 0.02, 0.02, 0.02, 0.021, 0.021, 0.021, 0.021, 0.022, 0.022, 0.023, 0.024, 0.025, 0.027, 0.03, 0.033, 0.037, 0.043, 0.051, 0.061, 0.074, 0.09, 0.111, 0.137, 0.169, 0.206, 0.249, 0.296, 0.346, 0.396, 0.445, 0.49, 0.531, 0.566, 0.595, 0.619, 0.638, 0.652, 0.664, 0.673, 0.68, 0.685, 0.689, 0.692, 0.694, 0.695, 0.696, 0.697, 0.698, 0.699, 0.699, 0.699, 0.699, 0.7, 0.7, 0.7, 0.7, 0.7, 0.7, 0.7, 0.7, 0.7, 0.7, 0.7, 0.7, 0.7, 0.7, 0.7, 0.7, 0.7, 0.7, 0.7, 0.7, 0.7, 0.7, 0.7, 0.7, 0.7]","[0.007, 0.072, 0.058, 0.083, 0.095, 0.093, 0.101, 0.101, 0.038]","[0.22, 0.77, 0.24, 0.08]",0.22,0.77,0.24,0.08
2023-10-10,1,227,911,['Bpod0'],276,135,141,196,36,140,109,31,91,45,92,5,87,0.5072463768115942,0.8074074074074075,0.2198581560283688,232,114,118,168,159,9,0.8112244897959183,0.25,54,27,27,0.1377551020408163,0.75,0.603448275862069,0.956140350877193,0.2627118644067797,0.6554054054054054,-0.6934284864704132,0.5416666666666666,0.8333333333333334,-0.29166666666666674,0.5306122448979591,0.44387755102040816,44,21,23,0.15942028985507245,0.15555555555555556,0.16312056737588654,140,109,31,350.0,272.5,77.5,0,0,0,0,0.5,0.5,"psych_curve(xdata=array([-70.,  -8.,  -4.,  -2.,   0.,   2.,   4.,   8.,  70.]), ydata=[0.027, 0.0, 0.067, 0.133, 0.0, 0.0, 0.188, 0.273, 0.338], fit=[0.04, 0.04, 0.04, 0.04, 0.04, 0.04, 0.04, 0.04, 0.04, 0.04, 0.04, 0.04, 0.04, 0.04, 0.04, 0.04, 0.04, 0.04, 0.04, 0.04, 0.04, 0.04, 0.04, 0.04, 0.04, 0.04, 0.04, 0.04, 0.04, 0.04, 0.04, 0.04, 0.04, 0.04, 0.04, 0.04, 0.04, 0.04, 0.04, 0.04, 0.04, 0.04, 0.04, 0.04, 0.04, 0.04, 0.04, 0.04, 0.04, 0.04, 0.04, 0.04, 0.053, 0.31, 0.31, 0.31, 0.31, 0.31, 0.31, 0.31, 0.31, 0.31, 0.31, 0.31, 0.31, 0.31, 0.31, 0.31, 0.31, 0.31, 0.31, 0.31, 0.31, 0.31, 0.31, 0.31, 0.31, 0.31, 0.31, 0.31, 0.31, 0.31, 0.31, 0.31, 0.31, 0.31, 0.31, 0.31, 0.31, 0.31, 0.31, 0.31, 0.31, 0.31, 0.31, 0.31, 0.31, 0.31, 0.31, 0.31], params=[6.96, 3.96, 0.04, 0.69], fit_error=[0.019, 0.0, 0.067, 0.091, 0.0, 0.0, 0.101, 0.141, 0.055])",[-70.  -8.  -4.  -2.   0.   2.   4.   8.  70.],"[0.027, 0.0, 0.067, 0.133, 0.0, 0.0, 0.188, 0.273, 0.338]","[0.04, 0.04, 0.04, 0.04, 0.04, 0.04, 0.04, 0.04, 0.04, 0.04, 0.04, 0.04, 0.04, 0.04, 0.04, 0.04, 0.04, 0.04, 0.04, 0.04, 0.04, 0.04, 0.04, 0.04, 0.04, 0.04, 0.04, 0.04, 0.04, 0.04, 0.04, 0.04, 0.04, 0.04, 0.04, 0.04, 0.04, 0.04, 0.04, 0.04, 0.04, 0.04, 0.04, 0.04, 0.04, 0.04, 0.04, 0.04, 0.04, 0.04, 0.04, 0.04, 0.053, 0.31, 0.31, 0.31, 0.31, 0.31, 0.31, 0.31, 0.31, 0.31, 0.31, 0.31, 0.31, 0.31, 0.31, 0.31, 0.31, 0.31, 0.31, 0.31, 0.31, 0.31, 0.31, 0.31, 0.31, 0.31, 0.31, 0.31, 0.31, 0.31, 0.31, 0.31, 0.31, 0.31, 0.31, 0.31, 0.31, 0.31, 0.31, 0.31, 0.31, 0.31, 0.31, 0.31, 0.31, 0.31, 0.31, 0.31]","[0.019, 0.0, 0.067, 0.091, 0.0, 0.0, 0.101, 0.141, 0.055]","[6.96, 3.96, 0.04, 0.69]",6.96,3.96,0.04,0.69,"psych_curve(xdata=array([-70.,  -8.,  -4.,  -2.,  -0.,   2.,   4.,   8.,  70.]), ydata=[0.549, 0.778, 0.833, 0.8, 0.833, 0.769, 0.875, 1.0, 0.935], fit=[nan, nan, nan, nan, nan, nan, nan, nan, nan, nan, nan, nan, nan, nan, nan, nan, nan, nan, nan, nan, nan, nan, nan, nan, nan, nan, nan, nan, nan, nan, nan, nan, nan, nan, nan, nan, nan, nan, nan, nan, nan, nan, nan, nan, nan, nan, nan, nan, nan, nan, nan, nan, nan, nan, nan, nan, nan, nan, nan, nan, nan, nan, nan, nan, nan, nan, nan, nan, nan, nan, nan, nan, nan, nan, nan, nan, nan, nan, nan, nan, nan, nan, nan, nan, nan, nan, nan, nan, nan, nan, nan, nan, nan, nan, nan, nan, nan, nan, nan, nan], params=[0.11, -8.34, 0.55, 0.04], fit_error=[0.055, 0.147, 0.112, 0.133, 0.112, 0.122, 0.085, 0.0, 0.031])",[-70.  -8.  -4.  -2.   0.   2.   4.   8.  70.],"[0.027, 0.0, 0.067, 0.133, 0.0, 0.0, 0.188, 0.273, 0.338]","[0.04, 0.04, 0.04, 0.04, 0.04, 0.04, 0.04, 0.04, 0.04, 0.04, 0.04, 0.04, 0.04, 0.04, 0.04, 0.04, 0.04, 0.04, 0.04, 0.04, 0.04, 0.04, 0.04, 0.04, 0.04, 0.04, 0.04, 0.04, 0.04, 0.04, 0.04, 0.04, 0.04, 0.04, 0.04, 0.04, 0.04, 0.04, 0.04, 0.04, 0.04, 0.04, 0.04, 0.04, 0.04, 0.04, 0.04, 0.04, 0.04, 0.04, 0.04, 0.04, 0.053, 0.31, 0.31, 0.31, 0.31, 0.31, 0.31, 0.31, 0.31, 0.31, 0.31, 0.31, 0.31, 0.31, 0.31, 0.31, 0.31, 0.31, 0.31, 0.31, 0.31, 0.31, 0.31, 0.31, 0.31, 0.31, 0.31, 0.31, 0.31, 0.31, 0.31, 0.31, 0.31, 0.31, 0.31, 0.31, 0.31, 0.31, 0.31, 0.31, 0.31, 0.31, 0.31, 0.31, 0.31, 0.31, 0.31, 0.31]","[0.019, 0.0, 0.067, 0.091, 0.0, 0.0, 0.101, 0.141, 0.055]","[0.11, -8.34, 0.55, 0.04]",0.11,-8.34,0.55,0.04
2023-10-11,2,228,911,['Bpod0'],419,210,209,320,85,265,192,73,153,104,140,12,128,0.6324582338902148,0.9142857142857143,0.3492822966507177,405,204,201,264,245,19,0.765625,0.2235294117647059,132,66,66,0.20625,0.7764705882352941,0.654320987654321,0.9411764705882353,0.36318407960199006,0.7404580152671756,-0.5779923909862452,0.5795454545454546,0.7878787878787878,-0.20833333333333326,0.49457720588235293,0.49136029411764703,14,6,8,0.03341288782816229,0.02857142857142857,0.03827751196172249,265,192,73,662.5,480.0,182.5,0,0,0,0,0.5,0.5,"psych_curve(xdata=array([-70.,  -8.,  -4.,  -2.,   0.,   2.,   4.,   8.,  70.]), ydata=[0.052, 0.038, 0.125, 0.071, 0.048, 0.059, 0.083, 0.16, 0.52], fit=[0.07, 0.07, 0.07, 0.07, 0.07, 0.07, 0.07, 0.07, 0.07, 0.07, 0.07, 0.07, 0.07, 0.07, 0.07, 0.07, 0.07, 0.07, 0.07, 0.07, 0.07, 0.07, 0.07, 0.07, 0.07, 0.07, 0.07, 0.07, 0.07, 0.07, 0.07, 0.07, 0.07, 0.07, 0.07, 0.07, 0.07, 0.07, 0.07, 0.07, 0.07, 0.07, 0.07, 0.07, 0.07, 0.07, 0.07, 0.07, 0.07, 0.071, 0.071, 0.073, 0.078, 0.088, 0.11, 0.154, 0.226, 0.32, 0.405, 0.462, 0.493, 0.508, 0.515, 0.518, 0.519, 0.52, 0.52, 0.52, 0.52, 0.52, 0.52, 0.52, 0.52, 0.52, 0.52, 0.52, 0.52, 0.52, 0.52, 0.52, 0.52, 0.52, 0.52, 0.52, 0.52, 0.52, 0.52, 0.52, 0.52, 0.52, 0.52, 0.52, 0.52, 0.52, 0.52, 0.52, 0.52, 0.52, 0.52, 0.52], params=[0.6, 10.24, 0.07, 0.48], fit_error=[0.019, 0.038, 0.085, 0.071, 0.048, 0.059, 0.058, 0.075, 0.045])",[-70.  -8.  -4.  -2.   0.   2.   4.   8.  70.],"[0.052, 0.038, 0.125, 0.071, 0.048, 0.059, 0.083, 0.16, 0.52]","[0.07, 0.07, 0.07, 0.07, 0.07, 0.07, 0.07, 0.07, 0.07, 0.07, 0.07, 0.07, 0.07, 0.07, 0.07, 0.07, 0.07, 0.07, 0.07, 0.07, 0.07, 0.07, 0.07, 0.07, 0.07, 0.07, 0.07, 0.07, 0.07, 0.07, 0.07, 0.07, 0.07, 0.07, 0.07, 0.07, 0.07, 0.07, 0.07, 0.07, 0.07, 0.07, 0.07, 0.07, 0.07, 0.07, 0.07, 0.07, 0.07, 0.071, 0.071, 0.073, 0.078, 0.088, 0.11, 0.154, 0.226, 0.32, 0.405, 0.462, 0.493, 0.508, 0.515, 0.518, 0.519, 0.52, 0.52, 0.52, 0.52, 0.52, 0.52, 0.52, 0.52, 0.52, 0.52, 0.52, 0.52, 0.52, 0.52, 0.52, 0.52, 0.52, 0.52, 0.52, 0.52, 0.52, 0.52, 0.52, 0.52, 0.52, 0.52, 0.52, 0.52, 0.52, 0.52, 0.52, 0.52, 0.52, 0.52, 0.52]","[0.019, 0.038, 0.085, 0.071, 0.048, 0.059, 0.058, 0.075, 0.045]","[0.6, 10.24, 0.07, 0.48]",0.6,10.24,0.07,0.48,"psych_curve(xdata=array([-70.,  -8.,  -4.,  -2.,   0.,   2.,   4.,   8.,  70.]), ydata=[0.383, 0.621, 0.909, 0.75, 0.9, 0.667, 0.765, 0.818, 0.886], fit=[nan, nan, nan, nan, nan, nan, nan, nan, nan, nan, nan, nan, nan, nan, nan, nan, nan, nan, nan, nan, nan, nan, nan, nan, nan, nan, nan, nan, nan, nan, nan, nan, nan, nan, nan, nan, nan, nan, nan, nan, nan, nan, nan, nan, nan, nan, nan, nan, nan, nan, nan, nan, nan, nan, nan, nan, nan, nan, nan, nan, nan, nan, nan, nan, nan, nan, nan, nan, nan, nan, nan, nan, nan, nan, nan, nan, nan, nan, nan, nan, nan, nan, nan, nan, nan, nan, nan, nan, nan, nan, nan, nan, nan, nan, nan, nan, nan, nan, nan, nan], params=[0.0, -0.93, -0.95, -1.43], fit_error=[0.041, 0.092, 0.063, 0.112, 0.069, 0.126, 0.106, 0.084, 0.03])",[-70.  -8.  -4.  -2.   0.   2.   4.   8.  70.],"[0.052, 0.038, 0.125, 0.071, 0.048, 0.059, 0.083, 0.16, 0.52]","[0.07, 0.07, 0.07, 0.07, 0.07, 0.07, 0.07, 0.07, 0.07, 0.07, 0.07, 0.07, 0.07, 0.07, 0.07, 0.07, 0.07, 0.07, 0.07, 0.07, 0.07, 0.07, 0.07, 0.07, 0.07, 0.07, 0.07, 0.07, 0.07, 0.07, 0.07, 0.07, 0.07, 0.07, 0.07, 0.07, 0.07, 0.07, 0.07, 0.07, 0.07, 0.07, 0.07, 0.07, 0.07, 0.07, 0.07, 0.07, 0.07, 0.071, 0.071, 0.073, 0.078, 0.088, 0.11, 0.154, 0.226, 0.32, 0.405, 0.462, 0.493, 0.508, 0.515, 0.518, 0.519, 0.52, 0.52, 0.52, 0.52, 0.52, 0.52, 0.52, 0.52, 0.52, 0.52, 0.52, 0.52, 0.52, 0.52, 0.52, 0.52, 0.52, 0.52, 0.52, 0.52, 0.52, 0.52, 0.52, 0.52, 0.52, 0.52, 0.52, 0.52, 0.52, 0.52, 0.52, 0.52, 0.52, 0.52, 0.52]","[0.019, 0.038, 0.085, 0.071, 0.048, 0.059, 0.058, 0.075, 0.045]","[0.0, -0.93, -0.95, -1.43]",0.0,-0.93,-0.95,-1.43
2023-10-12,3,229,911,['Bpod0'],489,257,232,421,58,285,239,46,224,59,194,12,182,0.5828220858895705,0.9299610894941635,0.19827586206896552,479,251,228,387,372,15,0.8836104513064132,0.25862068965517243,86,43,43,0.1021377672209026,0.7413793103448276,0.5949895615866388,0.952191235059761,0.20175438596491227,0.6176470588235294,-0.7504368490948488,0.5788113695090439,0.686046511627907,-0.10723514211886309,0.5711155704807929,0.4217585387828651,10,6,4,0.02044989775051125,0.023346303501945526,0.017241379310344827,285,239,46,712.5,597.5,115.0,0,0,0,0,0.5,0.49999999999999994,"psych_curve(xdata=array([-70.,  -8.,  -4.,  -2.,   0.,   2.,   4.,   8.,  70.]), ydata=[0.039, 0.087, 0.1, 0.0, 0.033, 0.043, 0.045, 0.2, 0.265], fit=[0.05, 0.05, 0.05, 0.05, 0.05, 0.05, 0.05, 0.05, 0.05, 0.05, 0.05, 0.05, 0.05, 0.05, 0.05, 0.05, 0.05, 0.05, 0.05, 0.05, 0.05, 0.05, 0.05, 0.05, 0.05, 0.05, 0.05, 0.05, 0.05, 0.05, 0.05, 0.05, 0.05, 0.05, 0.05, 0.05, 0.05, 0.05, 0.05, 0.05, 0.05, 0.05, 0.05, 0.05, 0.05, 0.05, 0.05, 0.05, 0.05, 0.05, 0.05, 0.05, 0.05, 0.05, 0.055, 0.172, 0.267, 0.27, 0.27, 0.27, 0.27, 0.27, 0.27, 0.27, 0.27, 0.27, 0.27, 0.27, 0.27, 0.27, 0.27, 0.27, 0.27, 0.27, 0.27, 0.27, 0.27, 0.27, 0.27, 0.27, 0.27, 0.27, 0.27, 0.27, 0.27, 0.27, 0.27, 0.27, 0.27, 0.27, 0.27, 0.27, 0.27, 0.27, 0.27, 0.27, 0.27, 0.27, 0.27, 0.27], params=[2.84, 7.7, 0.05, 0.73], fit_error=[0.016, 0.06, 0.056, 0.0, 0.033, 0.043, 0.045, 0.092, 0.036])",[-70.  -8.  -4.  -2.   0.   2.   4.   8.  70.],"[0.039, 0.087, 0.1, 0.0, 0.033, 0.043, 0.045, 0.2, 0.265]","[0.05, 0.05, 0.05, 0.05, 0.05, 0.05, 0.05, 0.05, 0.05, 0.05, 0.05, 0.05, 0.05, 0.05, 0.05, 0.05, 0.05, 0.05, 0.05, 0.05, 0.05, 0.05, 0.05, 0.05, 0.05, 0.05, 0.05, 0.05, 0.05, 0.05, 0.05, 0.05, 0.05, 0.05, 0.05, 0.05, 0.05, 0.05, 0.05, 0.05, 0.05, 0.05, 0.05, 0.05, 0.05, 0.05, 0.05, 0.05, 0.05, 0.05, 0.05, 0.05, 0.05, 0.05, 0.055, 0.172, 0.267, 0.27, 0.27, 0.27, 0.27, 0.27, 0.27, 0.27, 0.27, 0.27, 0.27, 0.27, 0.27, 0.27, 0.27, 0.27, 0.27, 0.27, 0.27, 0.27, 0.27, 0.27, 0.27, 0.27, 0.27, 0.27, 0.27, 0.27, 0.27, 0.27, 0.27, 0.27, 0.27, 0.27, 0.27, 0.27, 0.27, 0.27, 0.27, 0.27, 0.27, 0.27, 0.27, 0.27]","[0.016, 0.06, 0.056, 0.0, 0.033, 0.043, 0.045, 0.092, 0.036]","[2.84, 7.7, 0.05, 0.73]",2.84,7.7,0.05,0.73,"psych_curve(xdata=array([-70.,  -8.,  -4.,  -2.,   0.,   2.,   4.,   8.,  70.]), ydata=[0.685, 0.882, 0.8, 0.947, 0.7, 0.893, 0.885, 0.885, 0.915], fit=[nan, nan, nan, nan, nan, nan, nan, nan, nan, nan, nan, nan, nan, nan, nan, nan, nan, nan, nan, nan, nan, nan, nan, nan, nan, nan, nan, nan, nan, nan, nan, nan, nan, nan, nan, nan, nan, nan, nan, nan, nan, nan, nan, nan, nan, nan, nan, nan, nan, nan, nan, nan, nan, nan, nan, nan, nan, nan, nan, nan, nan, nan, nan, nan, nan, nan, nan, nan, nan, nan, nan, nan, nan, nan, nan, nan, nan, nan, nan, nan, nan, nan, nan, nan, nan, nan, nan, nan, nan, nan, nan, nan, nan, nan, nan, nan, nan, nan, nan, nan], params=[8.8, 1.57, 0.8, 0.1], fit_error=[0.038, 0.081, 0.082, 0.053, 0.085, 0.06, 0.064, 0.064, 0.023])",[-70.  -8.  -4.  -2.   0.   2.   4.   8.  70.],"[0.039, 0.087, 0.1, 0.0, 0.033, 0.043, 0.045, 0.2, 0.265]","[0.05, 0.05, 0.05, 0.05, 0.05, 0.05, 0.05, 0.05, 0.05, 0.05, 0.05, 0.05, 0.05, 0.05, 0.05, 0.05, 0.05, 0.05, 0.05, 0.05, 0.05, 0.05, 0.05, 0.05, 0.05, 0.05, 0.05, 0.05, 0.05, 0.05, 0.05, 0.05, 0.05, 0.05, 0.05, 0.05, 0.05, 0.05, 0.05, 0.05, 0.05, 0.05, 0.05, 0.05, 0.05, 0.05, 0.05, 0.05, 0.05, 0.05, 0.05, 0.05, 0.05, 0.05, 0.055, 0.172, 0.267, 0.27, 0.27, 0.27, 0.27, 0.27, 0.27, 0.27, 0.27, 0.27, 0.27, 0.27, 0.27, 0.27, 0.27, 0.27, 0.27, 0.27, 0.27, 0.27, 0.27, 0.27, 0.27, 0.27, 0.27, 0.27, 0.27, 0.27, 0.27, 0.27, 0.27, 0.27, 0.27, 0.27, 0.27, 0.27, 0.27, 0.27, 0.27, 0.27, 0.27, 0.27, 0.27, 0.27]","[0.016, 0.06, 0.056, 0.0, 0.033, 0.043, 0.045, 0.092, 0.036]","[8.8, 1.57, 0.8, 0.1]",8.8,1.57,0.8,0.1
2023-10-13,4,230,911,['Bpod0'],400,195,205,213,148,297,168,129,142,142,64,19,45,0.7425,0.8615384615384616,0.6292682926829268,361,187,174,169,111,58,0.5211267605633803,0.3918918918918919,174,85,89,0.39906103286384975,0.6013513513513513,0.8227146814404432,0.8983957219251337,0.7413793103448276,0.9310344827586207,-0.1570164115803061,0.8402366863905325,0.8160919540229885,0.024144732367543997,0.45650932622763607,0.5002061921076005,39,8,31,0.0975,0.041025641025641026,0.15121951219512195,297,168,129,742.5,420.0,322.5,0,0,0,0,0.5,0.49999999999999994,"psych_curve(xdata=array([-70.,  -8.,  -4.,  -2.,   0.,   2.,   4.,   8.,  70.]), ydata=[0.032, 0.235, 0.318, 0.2, 0.105, 0.5, 0.6, 0.7, 0.887], fit=[0.17, 0.17, 0.17, 0.17, 0.17, 0.17, 0.17, 0.17, 0.17, 0.17, 0.17, 0.17, 0.17, 0.17, 0.17, 0.17, 0.17, 0.17, 0.17, 0.17, 0.17, 0.17, 0.17, 0.17, 0.17, 0.17, 0.17, 0.17, 0.17, 0.17, 0.17, 0.17, 0.17, 0.17, 0.17, 0.17, 0.17, 0.17, 0.17, 0.17, 0.17, 0.17, 0.17, 0.17, 0.17, 0.171, 0.172, 0.175, 0.185, 0.212, 0.284, 0.422, 0.59, 0.706, 0.76, 0.78, 0.787, 0.789, 0.79, 0.79, 0.79, 0.79, 0.79, 0.79, 0.79, 0.79, 0.79, 0.79, 0.79, 0.79, 0.79, 0.79, 0.79, 0.79, 0.79, 0.79, 0.79, 0.79, 0.79, 0.79, 0.79, 0.79, 0.79, 0.79, 0.79, 0.79, 0.79, 0.79, 0.79, 0.79, 0.79, 0.79, 0.79, 0.79, 0.79, 0.79, 0.79, 0.79, 0.79, 0.79], params=[0.79, 2.6, 0.17, 0.21], fit_error=[0.016, 0.106, 0.102, 0.107, 0.072, 0.129, 0.112, 0.105, 0.031])",[-70.  -8.  -4.  -2.   0.   2.   4.   8.  70.],"[0.032, 0.235, 0.318, 0.2, 0.105, 0.5, 0.6, 0.7, 0.887]","[0.17, 0.17, 0.17, 0.17, 0.17, 0.17, 0.17, 0.17, 0.17, 0.17, 0.17, 0.17, 0.17, 0.17, 0.17, 0.17, 0.17, 0.17, 0.17, 0.17, 0.17, 0.17, 0.17, 0.17, 0.17, 0.17, 0.17, 0.17, 0.17, 0.17, 0.17, 0.17, 0.17, 0.17, 0.17, 0.17, 0.17, 0.17, 0.17, 0.17, 0.17, 0.17, 0.17, 0.17, 0.17, 0.171, 0.172, 0.175, 0.185, 0.212, 0.284, 0.422, 0.59, 0.706, 0.76, 0.78, 0.787, 0.789, 0.79, 0.79, 0.79, 0.79, 0.79, 0.79, 0.79, 0.79, 0.79, 0.79, 0.79, 0.79, 0.79, 0.79, 0.79, 0.79, 0.79, 0.79, 0.79, 0.79, 0.79, 0.79, 0.79, 0.79, 0.79, 0.79, 0.79, 0.79, 0.79, 0.79, 0.79, 0.79, 0.79, 0.79, 0.79, 0.79, 0.79, 0.79, 0.79, 0.79, 0.79, 0.79]","[0.016, 0.106, 0.102, 0.107, 0.072, 0.129, 0.112, 0.105, 0.031]","[0.79, 2.6, 0.17, 0.21]",0.79,2.6,0.17,0.21,"psych_curve(xdata=array([-70.,  -8.,  -4.,  -2.,   0.,   2.,   4.,   8.,  70.]), ydata=[0.052, 0.235, 0.444, 0.2, 0.632, 0.611, 0.682, 0.737, 0.924], fit=[nan, nan, nan, nan, nan, nan, nan, nan, nan, nan, nan, nan, nan, nan, nan, nan, nan, nan, nan, nan, nan, nan, nan, nan, nan, nan, nan, nan, nan, nan, nan, nan, nan, nan, nan, nan, nan, nan, nan, nan, nan, nan, nan, nan, nan, nan, nan, nan, nan, nan, nan, nan, nan, nan, nan, nan, nan, nan, nan, nan, nan, nan, nan, nan, nan, nan, nan, nan, nan, nan, nan, nan, nan, nan, nan, nan, nan, nan, nan, nan, nan, nan, nan, nan, nan, nan, nan, nan, nan, nan, nan, nan, nan, nan, nan, nan, nan, nan, nan, nan], params=[0.19, -0.6, 0.06, 0.08], fit_error=[0.021, 0.106, 0.121, 0.133, 0.114, 0.118, 0.102, 0.104, 0.026])",[-70.  -8.  -4.  -2.   0.   2.   4.   8.  70.],"[0.032, 0.235, 0.318, 0.2, 0.105, 0.5, 0.6, 0.7, 0.887]","[0.17, 0.17, 0.17, 0.17, 0.17, 0.17, 0.17, 0.17, 0.17, 0.17, 0.17, 0.17, 0.17, 0.17, 0.17, 0.17, 0.17, 0.17, 0.17, 0.17, 0.17, 0.17, 0.17, 0.17, 0.17, 0.17, 0.17, 0.17, 0.17, 0.17, 0.17, 0.17, 0.17, 0.17, 0.17, 0.17, 0.17, 0.17, 0.17, 0.17, 0.17, 0.17, 0.17, 0.17, 0.17, 0.171, 0.172, 0.175, 0.185, 0.212, 0.284, 0.422, 0.59, 0.706, 0.76, 0.78, 0.787, 0.789, 0.79, 0.79, 0.79, 0.79, 0.79, 0.79, 0.79, 0.79, 0.79, 0.79, 0.79, 0.79, 0.79, 0.79, 0.79, 0.79, 0.79, 0.79, 0.79, 0.79, 0.79, 0.79, 0.79, 0.79, 0.79, 0.79, 0.79, 0.79, 0.79, 0.79, 0.79, 0.79, 0.79, 0.79, 0.79, 0.79, 0.79, 0.79, 0.79, 0.79, 0.79, 0.79]","[0.016, 0.106, 0.102, 0.107, 0.072, 0.129, 0.112, 0.105, 0.031]","[0.19, -0.6, 0.06, 0.08]",0.19,-0.6,0.06,0.08
2023-10-14,5,231,911,['Bpod0'],431,232,199,359,63,284,225,59,195,85,138,4,134,0.6589327146171694,0.9698275862068966,0.2964824120603015,422,229,193,311,299,12,0.8328690807799443,0.19047619047619047,102,51,51,0.14206128133704735,0.8095238095238095,0.6729857819905213,0.982532751091703,0.30569948186528495,0.7226277372262774,-0.6768332692264181,0.6270096463022508,0.8333333333333334,-0.20632368703108261,0.5116726356280674,0.4757925454304284,9,3,6,0.02088167053364269,0.01293103448275862,0.03015075376884422,284,225,59,710.0,562.5,147.5,0,0,0,0,0.5,0.5,"psych_curve(xdata=array([-70.,  -8.,  -4.,  -2.,   0.,   2.,   4.,   8.,  70.]), ydata=[0.007, 0.0, 0.0, 0.111, 0.037, 0.077, 0.214, 0.348, 0.38], fit=[0.02, 0.02, 0.02, 0.02, 0.02, 0.02, 0.02, 0.02, 0.02, 0.02, 0.02, 0.02, 0.02, 0.02, 0.02, 0.02, 0.02, 0.02, 0.02, 0.02, 0.02, 0.02, 0.02, 0.02, 0.02, 0.02, 0.02, 0.02, 0.02, 0.02, 0.02, 0.02, 0.02, 0.02, 0.02, 0.02, 0.02, 0.02, 0.02, 0.02, 0.02, 0.02, 0.02, 0.02, 0.02, 0.02, 0.021, 0.023, 0.027, 0.036, 0.059, 0.103, 0.175, 0.255, 0.317, 0.352, 0.368, 0.375, 0.378, 0.379, 0.38, 0.38, 0.38, 0.38, 0.38, 0.38, 0.38, 0.38, 0.38, 0.38, 0.38, 0.38, 0.38, 0.38, 0.38, 0.38, 0.38, 0.38, 0.38, 0.38, 0.38, 0.38, 0.38, 0.38, 0.38, 0.38, 0.38, 0.38, 0.38, 0.38, 0.38, 0.38, 0.38, 0.38, 0.38, 0.38, 0.38, 0.38, 0.38, 0.38], params=[0.65, 3.97, 0.02, 0.62], fit_error=[0.007, 0.0, 0.0, 0.076, 0.037, 0.053, 0.114, 0.102, 0.044])",[-70.  -8.  -4.  -2.   0.   2.   4.   8.  70.],"[0.007, 0.0, 0.0, 0.111, 0.037, 0.077, 0.214, 0.348, 0.38]","[0.02, 0.02, 0.02, 0.02, 0.02, 0.02, 0.02, 0.02, 0.02, 0.02, 0.02, 0.02, 0.02, 0.02, 0.02, 0.02, 0.02, 0.02, 0.02, 0.02, 0.02, 0.02, 0.02, 0.02, 0.02, 0.02, 0.02, 0.02, 0.02, 0.02, 0.02, 0.02, 0.02, 0.02, 0.02, 0.02, 0.02, 0.02, 0.02, 0.02, 0.02, 0.02, 0.02, 0.02, 0.02, 0.02, 0.021, 0.023, 0.027, 0.036, 0.059, 0.103, 0.175, 0.255, 0.317, 0.352, 0.368, 0.375, 0.378, 0.379, 0.38, 0.38, 0.38, 0.38, 0.38, 0.38, 0.38, 0.38, 0.38, 0.38, 0.38, 0.38, 0.38, 0.38, 0.38, 0.38, 0.38, 0.38, 0.38, 0.38, 0.38, 0.38, 0.38, 0.38, 0.38, 0.38, 0.38, 0.38, 0.38, 0.38, 0.38, 0.38, 0.38, 0.38, 0.38, 0.38, 0.38, 0.38, 0.38, 0.38]","[0.007, 0.0, 0.0, 0.076, 0.037, 0.053, 0.114, 0.102, 0.044]","[0.65, 3.97, 0.02, 0.62]",0.65,3.97,0.02,0.62,"psych_curve(xdata=array([-70.,  -8.,  -4.,  -2.,   0.,   2.,   4.,   8.,  70.]), ydata=[0.508, 0.565, 0.714, 0.808, 0.778, 0.75, 0.933, 0.958, 0.943], fit=[nan, nan, nan, nan, nan, nan, nan, nan, nan, nan, nan, nan, nan, nan, nan, nan, nan, nan, nan, nan, nan, nan, nan, nan, nan, nan, nan, nan, nan, nan, nan, nan, nan, nan, nan, nan, nan, nan, nan, nan, nan, nan, nan, nan, nan, nan, nan, nan, nan, nan, nan, nan, nan, nan, nan, nan, nan, nan, nan, nan, nan, nan, nan, nan, nan, nan, nan, nan, nan, nan, nan, nan, nan, nan, nan, nan, nan, nan, nan, nan, nan, nan, nan, nan, nan, nan, nan, nan, nan, nan, nan, nan, nan, nan, nan, nan, nan, nan, nan, nan], params=[0.25, -2.68, 0.5, 0.04], fit_error=[0.044, 0.106, 0.125, 0.079, 0.082, 0.112, 0.067, 0.042, 0.02])",[-70.  -8.  -4.  -2.   0.   2.   4.   8.  70.],"[0.007, 0.0, 0.0, 0.111, 0.037, 0.077, 0.214, 0.348, 0.38]","[0.02, 0.02, 0.02, 0.02, 0.02, 0.02, 0.02, 0.02, 0.02, 0.02, 0.02, 0.02, 0.02, 0.02, 0.02, 0.02, 0.02, 0.02, 0.02, 0.02, 0.02, 0.02, 0.02, 0.02, 0.02, 0.02, 0.02, 0.02, 0.02, 0.02, 0.02, 0.02, 0.02, 0.02, 0.02, 0.02, 0.02, 0.02, 0.02, 0.02, 0.02, 0.02, 0.02, 0.02, 0.02, 0.02, 0.021, 0.023, 0.027, 0.036, 0.059, 0.103, 0.175, 0.255, 0.317, 0.352, 0.368, 0.375, 0.378, 0.379, 0.38, 0.38, 0.38, 0.38, 0.38, 0.38, 0.38, 0.38, 0.38, 0.38, 0.38, 0.38, 0.38, 0.38, 0.38, 0.38, 0.38, 0.38, 0.38, 0.38, 0.38, 0.38, 0.38, 0.38, 0.38, 0.38, 0.38, 0.38, 0.38, 0.38, 0.38, 0.38, 0.38, 0.38, 0.38, 0.38, 0.38, 0.38, 0.38, 0.38]","[0.007, 0.0, 0.0, 0.076, 0.037, 0.053, 0.114, 0.102, 0.044]","[0.25, -2.68, 0.5, 0.04]",0.25,-2.68,0.5,0.04
2023-10-17,1,234,911,['Bpod0'],571,286,285,341,219,448,253,195,250,197,112,24,88,0.7845884413309983,0.8846153846153846,0.6842105263157895,560,277,283,329,225,104,0.6598240469208211,0.4748858447488584,229,115,114,0.33724340175953077,0.5205479452054794,0.8,0.9133574007220217,0.6890459363957597,0.8724637681159421,-0.22431146432626192,0.7598784194528876,0.8602620087336245,-0.10038358928073687,0.5673549458348397,0.4288956734825051,11,9,2,0.01926444833625219,0.03146853146853147,0.007017543859649123,448,253,195,1120.0,632.5,487.5,0,0,0,0,0.5,0.5,"psych_curve(xdata=array([-70.,  -8.,  -4.,  -2.,   0.,   2.,   4.,   8.,  70.]), ydata=[0.034, 0.04, 0.091, 0.289, 0.257, 0.444, 0.636, 0.686, 0.778], fit=[0.03, 0.03, 0.03, 0.03, 0.03, 0.03, 0.03, 0.03, 0.03, 0.03, 0.03, 0.03, 0.03, 0.03, 0.03, 0.03, 0.03, 0.03, 0.03, 0.03, 0.03, 0.03, 0.03, 0.03, 0.03, 0.03, 0.03, 0.03, 0.03, 0.03, 0.03, 0.03, 0.03, 0.03, 0.03, 0.03, 0.03, 0.031, 0.031, 0.032, 0.033, 0.035, 0.039, 0.045, 0.055, 0.071, 0.098, 0.139, 0.199, 0.278, 0.373, 0.472, 0.561, 0.631, 0.682, 0.716, 0.737, 0.751, 0.759, 0.763, 0.766, 0.768, 0.769, 0.769, 0.77, 0.77, 0.77, 0.77, 0.77, 0.77, 0.77, 0.77, 0.77, 0.77, 0.77, 0.77, 0.77, 0.77, 0.77, 0.77, 0.77, 0.77, 0.77, 0.77, 0.77, 0.77, 0.77, 0.77, 0.77, 0.77, 0.77, 0.77, 0.77, 0.77, 0.77, 0.77, 0.77, 0.77, 0.77, 0.77], params=[0.38, 1.09, 0.03, 0.23], fit_error=[0.014, 0.04, 0.063, 0.075, 0.075, 0.097, 0.085, 0.08, 0.032])",[-70.  -8.  -4.  -2.   0.   2.   4.   8.  70.],"[0.034, 0.04, 0.091, 0.289, 0.257, 0.444, 0.636, 0.686, 0.778]","[0.03, 0.03, 0.03, 0.03, 0.03, 0.03, 0.03, 0.03, 0.03, 0.03, 0.03, 0.03, 0.03, 0.03, 0.03, 0.03, 0.03, 0.03, 0.03, 0.03, 0.03, 0.03, 0.03, 0.03, 0.03, 0.03, 0.03, 0.03, 0.03, 0.03, 0.03, 0.03, 0.03, 0.03, 0.03, 0.03, 0.03, 0.031, 0.031, 0.032, 0.033, 0.035, 0.039, 0.045, 0.055, 0.071, 0.098, 0.139, 0.199, 0.278, 0.373, 0.472, 0.561, 0.631, 0.682, 0.716, 0.737, 0.751, 0.759, 0.763, 0.766, 0.768, 0.769, 0.769, 0.77, 0.77, 0.77, 0.77, 0.77, 0.77, 0.77, 0.77, 0.77, 0.77, 0.77, 0.77, 0.77, 0.77, 0.77, 0.77, 0.77, 0.77, 0.77, 0.77, 0.77, 0.77, 0.77, 0.77, 0.77, 0.77, 0.77, 0.77, 0.77, 0.77, 0.77, 0.77, 0.77, 0.77, 0.77, 0.77]","[0.014, 0.04, 0.063, 0.075, 0.075, 0.097, 0.085, 0.08, 0.032]","[0.38, 1.09, 0.03, 0.23]",0.38,1.09,0.03,0.23,"psych_curve(xdata=array([-70.,  -8.,  -4.,  -2.,  -0.,   2.,   4.,   8.,  70.]), ydata=[0.2, 0.333, 0.321, 0.613, 0.457, 0.794, 0.815, 0.933, 0.948], fit=[nan, nan, nan, nan, nan, nan, nan, nan, nan, nan, nan, nan, nan, nan, nan, nan, nan, nan, nan, nan, nan, nan, nan, nan, nan, nan, nan, nan, nan, nan, nan, nan, nan, nan, nan, nan, nan, nan, nan, nan, nan, nan, nan, nan, nan, nan, nan, nan, nan, nan, nan, nan, nan, nan, nan, nan, nan, nan, nan, nan, nan, nan, nan, nan, nan, nan, nan, nan, nan, nan, nan, nan, nan, nan, nan, nan, nan, nan, nan, nan, nan, nan, nan, nan, nan, nan, nan, nan, nan, nan, nan, nan, nan, nan, nan, nan, nan, nan, nan, nan], params=[0.33, -0.12, 0.23, 0.03], fit_error=[0.031, 0.088, 0.09, 0.089, 0.085, 0.07, 0.076, 0.046, 0.017])",[-70.  -8.  -4.  -2.   0.   2.   4.   8.  70.],"[0.034, 0.04, 0.091, 0.289, 0.257, 0.444, 0.636, 0.686, 0.778]","[0.03, 0.03, 0.03, 0.03, 0.03, 0.03, 0.03, 0.03, 0.03, 0.03, 0.03, 0.03, 0.03, 0.03, 0.03, 0.03, 0.03, 0.03, 0.03, 0.03, 0.03, 0.03, 0.03, 0.03, 0.03, 0.03, 0.03, 0.03, 0.03, 0.03, 0.03, 0.03, 0.03, 0.03, 0.03, 0.03, 0.03, 0.031, 0.031, 0.032, 0.033, 0.035, 0.039, 0.045, 0.055, 0.071, 0.098, 0.139, 0.199, 0.278, 0.373, 0.472, 0.561, 0.631, 0.682, 0.716, 0.737, 0.751, 0.759, 0.763, 0.766, 0.768, 0.769, 0.769, 0.77, 0.77, 0.77, 0.77, 0.77, 0.77, 0.77, 0.77, 0.77, 0.77, 0.77, 0.77, 0.77, 0.77, 0.77, 0.77, 0.77, 0.77, 0.77, 0.77, 0.77, 0.77, 0.77, 0.77, 0.77, 0.77, 0.77, 0.77, 0.77, 0.77, 0.77, 0.77, 0.77, 0.77, 0.77, 0.77]","[0.014, 0.04, 0.063, 0.075, 0.075, 0.097, 0.085, 0.08, 0.032]","[0.33, -0.12, 0.23, 0.03]",0.33,-0.12,0.23,0.03
2023-10-18,2,235,911,['Bpod0'],430,217,213,245,156,322,189,133,140,164,79,23,56,0.7488372093023256,0.8709677419354839,0.6244131455399061,401,212,189,184,127,57,0.5183673469387755,0.36538461538461536,194,96,98,0.39183673469387753,0.6282051282051282,0.8029925187032418,0.8915094339622641,0.7037037037037037,0.8951612903225806,-0.1878057302585604,0.7608695652173914,0.845360824742268,-0.08449125952487668,0.44187598116169546,0.5100209314495029,29,5,24,0.06744186046511629,0.02304147465437788,0.11267605633802817,322,189,133,805.0,472.5,332.5,0,0,0,0,0.5,0.5,"psych_curve(xdata=array([-70.,  -8.,  -4.,  -2.,   0.,   2.,   4.,   8.,  70.]), ydata=[0.031, 0.0, 0.292, 0.45, 0.19, 0.4, 0.5, 0.692, 0.817], fit=[0.01, 0.01, 0.01, 0.01, 0.01, 0.01, 0.01, 0.01, 0.01, 0.01, 0.01, 0.01, 0.01, 0.01, 0.01, 0.01, 0.01, 0.01, 0.01, 0.01, 0.01, 0.01, 0.01, 0.01, 0.01, 0.011, 0.011, 0.011, 0.011, 0.012, 0.012, 0.013, 0.014, 0.015, 0.017, 0.02, 0.023, 0.027, 0.032, 0.039, 0.048, 0.06, 0.074, 0.093, 0.117, 0.146, 0.182, 0.223, 0.271, 0.323, 0.379, 0.437, 0.494, 0.549, 0.598, 0.642, 0.68, 0.712, 0.738, 0.758, 0.775, 0.788, 0.798, 0.805, 0.811, 0.816, 0.819, 0.822, 0.824, 0.825, 0.827, 0.827, 0.828, 0.829, 0.829, 0.829, 0.829, 0.83, 0.83, 0.83, 0.83, 0.83, 0.83, 0.83, 0.83, 0.83, 0.83, 0.83, 0.83, 0.83, 0.83, 0.83, 0.83, 0.83, 0.83, 0.83, 0.83, 0.83, 0.83, 0.83], params=[0.2, 1.7, 0.01, 0.17], fit_error=[0.015, 0.0, 0.095, 0.114, 0.088, 0.112, 0.129, 0.092, 0.035])",[-70.  -8.  -4.  -2.   0.   2.   4.   8.  70.],"[0.031, 0.0, 0.292, 0.45, 0.19, 0.4, 0.5, 0.692, 0.817]","[0.01, 0.01, 0.01, 0.01, 0.01, 0.01, 0.01, 0.01, 0.01, 0.01, 0.01, 0.01, 0.01, 0.01, 0.01, 0.01, 0.01, 0.01, 0.01, 0.01, 0.01, 0.01, 0.01, 0.01, 0.01, 0.011, 0.011, 0.011, 0.011, 0.012, 0.012, 0.013, 0.014, 0.015, 0.017, 0.02, 0.023, 0.027, 0.032, 0.039, 0.048, 0.06, 0.074, 0.093, 0.117, 0.146, 0.182, 0.223, 0.271, 0.323, 0.379, 0.437, 0.494, 0.549, 0.598, 0.642, 0.68, 0.712, 0.738, 0.758, 0.775, 0.788, 0.798, 0.805, 0.811, 0.816, 0.819, 0.822, 0.824, 0.825, 0.827, 0.827, 0.828, 0.829, 0.829, 0.829, 0.829, 0.83, 0.83, 0.83, 0.83, 0.83, 0.83, 0.83, 0.83, 0.83, 0.83, 0.83, 0.83, 0.83, 0.83, 0.83, 0.83, 0.83, 0.83, 0.83, 0.83, 0.83, 0.83, 0.83]","[0.015, 0.0, 0.095, 0.114, 0.088, 0.112, 0.129, 0.092, 0.035]","[0.2, 1.7, 0.01, 0.17]",0.2,1.7,0.01,0.17,"psych_curve(xdata=array([-70.,  -8.,  -4.,  -2.,  -0.,   2.,   4.,   8.,  70.]), ydata=[0.13, 0.179, 0.412, 0.5, 0.5, 0.474, 0.579, 0.87, 0.932], fit=[nan, nan, nan, nan, nan, nan, nan, nan, nan, nan, nan, nan, nan, nan, nan, nan, nan, nan, nan, nan, nan, nan, nan, nan, nan, nan, nan, nan, nan, nan, nan, nan, nan, nan, nan, nan, nan, nan, nan, nan, nan, nan, nan, nan, nan, nan, nan, nan, nan, nan, nan, nan, nan, nan, nan, nan, nan, nan, nan, nan, nan, nan, nan, nan, nan, nan, nan, nan, nan, nan, nan, nan, nan, nan, nan, nan, nan, nan, nan, nan, nan, nan, nan, nan, nan, nan, nan, nan, nan, nan, nan, nan, nan, nan, nan, nan, nan, nan, nan, nan], params=[0.19, 1.12, 0.12, 0.05], fit_error=[0.029, 0.074, 0.123, 0.121, 0.115, 0.118, 0.116, 0.072, 0.025])",[-70.  -8.  -4.  -2.   0.   2.   4.   8.  70.],"[0.031, 0.0, 0.292, 0.45, 0.19, 0.4, 0.5, 0.692, 0.817]","[0.01, 0.01, 0.01, 0.01, 0.01, 0.01, 0.01, 0.01, 0.01, 0.01, 0.01, 0.01, 0.01, 0.01, 0.01, 0.01, 0.01, 0.01, 0.01, 0.01, 0.01, 0.01, 0.01, 0.01, 0.01, 0.011, 0.011, 0.011, 0.011, 0.012, 0.012, 0.013, 0.014, 0.015, 0.017, 0.02, 0.023, 0.027, 0.032, 0.039, 0.048, 0.06, 0.074, 0.093, 0.117, 0.146, 0.182, 0.223, 0.271, 0.323, 0.379, 0.437, 0.494, 0.549, 0.598, 0.642, 0.68, 0.712, 0.738, 0.758, 0.775, 0.788, 0.798, 0.805, 0.811, 0.816, 0.819, 0.822, 0.824, 0.825, 0.827, 0.827, 0.828, 0.829, 0.829, 0.829, 0.829, 0.83, 0.83, 0.83, 0.83, 0.83, 0.83, 0.83, 0.83, 0.83, 0.83, 0.83, 0.83, 0.83, 0.83, 0.83, 0.83, 0.83, 0.83, 0.83, 0.83, 0.83, 0.83, 0.83]","[0.015, 0.0, 0.095, 0.114, 0.088, 0.112, 0.129, 0.092, 0.035]","[0.19, 1.12, 0.12, 0.05]",0.19,1.12,0.12,0.05
2023-10-19,3,236,911,['Bpod0'],503,245,258,333,159,351,217,134,187,161,141,25,116,0.6978131212723658,0.8857142857142857,0.5193798449612403,492,242,250,283,227,56,0.6816816816816816,0.3522012578616352,205,102,103,0.3063063063063063,0.6477987421383647,0.7134146341463414,0.8966942148760331,0.536,0.7677419354838709,-0.36069421487603304,0.6607773851590106,0.7853658536585366,-0.12458846849952598,0.5169414697716584,0.4770525242223355,11,3,8,0.02186878727634195,0.012244897959183673,0.031007751937984496,351,217,134,877.5,542.5,335.0,0,0,0,0,0.5,0.5,"psych_curve(xdata=array([-70.,  -8.,  -4.,  -2.,   0.,   2.,   4.,   8.,  70.]), ydata=[0.04, 0.19, 0.25, 0.2, 0.118, 0.581, 0.3, 0.583, 0.585], fit=[0.16, 0.16, 0.16, 0.16, 0.16, 0.16, 0.16, 0.16, 0.16, 0.16, 0.16, 0.16, 0.16, 0.16, 0.16, 0.16, 0.16, 0.16, 0.16, 0.16, 0.16, 0.16, 0.16, 0.16, 0.16, 0.16, 0.16, 0.16, 0.16, 0.16, 0.16, 0.16, 0.16, 0.16, 0.16, 0.16, 0.16, 0.16, 0.16, 0.16, 0.16, 0.16, 0.16, 0.16, 0.16, 0.16, 0.16, 0.16, 0.16, 0.16, 0.16, 0.51, 0.51, 0.51, 0.51, 0.51, 0.51, 0.51, 0.51, 0.51, 0.51, 0.51, 0.51, 0.51, 0.51, 0.51, 0.51, 0.51, 0.51, 0.51, 0.51, 0.51, 0.51, 0.51, 0.51, 0.51, 0.51, 0.51, 0.51, 0.51, 0.51, 0.51, 0.51, 0.51, 0.51, 0.51, 0.51, 0.51, 0.51, 0.51, 0.51, 0.51, 0.51, 0.51, 0.51, 0.51, 0.51, 0.51, 0.51, 0.51], params=[24.54, 1.54, 0.16, 0.49], fit_error=[0.016, 0.088, 0.09, 0.069, 0.081, 0.09, 0.085, 0.103, 0.039])",[-70.  -8.  -4.  -2.   0.   2.   4.   8.  70.],"[0.04, 0.19, 0.25, 0.2, 0.118, 0.581, 0.3, 0.583, 0.585]","[0.16, 0.16, 0.16, 0.16, 0.16, 0.16, 0.16, 0.16, 0.16, 0.16, 0.16, 0.16, 0.16, 0.16, 0.16, 0.16, 0.16, 0.16, 0.16, 0.16, 0.16, 0.16, 0.16, 0.16, 0.16, 0.16, 0.16, 0.16, 0.16, 0.16, 0.16, 0.16, 0.16, 0.16, 0.16, 0.16, 0.16, 0.16, 0.16, 0.16, 0.16, 0.16, 0.16, 0.16, 0.16, 0.16, 0.16, 0.16, 0.16, 0.16, 0.16, 0.51, 0.51, 0.51, 0.51, 0.51, 0.51, 0.51, 0.51, 0.51, 0.51, 0.51, 0.51, 0.51, 0.51, 0.51, 0.51, 0.51, 0.51, 0.51, 0.51, 0.51, 0.51, 0.51, 0.51, 0.51, 0.51, 0.51, 0.51, 0.51, 0.51, 0.51, 0.51, 0.51, 0.51, 0.51, 0.51, 0.51, 0.51, 0.51, 0.51, 0.51, 0.51, 0.51, 0.51, 0.51, 0.51, 0.51, 0.51, 0.51]","[0.016, 0.088, 0.09, 0.069, 0.081, 0.09, 0.085, 0.103, 0.039]","[24.54, 1.54, 0.16, 0.49]",24.54,1.54,0.16,0.49,"psych_curve(xdata=array([-70.,  -8.,  -4.,  -2.,   0.,   2.,   4.,   8.,  70.]), ydata=[0.331, 0.44, 0.607, 0.323, 0.471, 0.714, 0.615, 0.842, 0.887], fit=[nan, nan, nan, nan, nan, nan, nan, nan, nan, nan, nan, nan, nan, nan, nan, nan, nan, nan, nan, nan, nan, nan, nan, nan, nan, nan, nan, nan, nan, nan, nan, nan, nan, nan, nan, nan, nan, nan, nan, nan, nan, nan, nan, nan, nan, nan, nan, nan, nan, nan, nan, nan, nan, nan, nan, nan, nan, nan, nan, nan, nan, nan, nan, nan, nan, nan, nan, nan, nan, nan, nan, nan, nan, nan, nan, nan, nan, nan, nan, nan, nan, nan, nan, nan, nan, nan, nan, nan, nan, nan, nan, nan, nan, nan, nan, nan, nan, nan, nan, nan], params=[0.35, 3.19, 0.4, 0.1], fit_error=[0.037, 0.101, 0.094, 0.085, 0.125, 0.077, 0.097, 0.086, 0.027])",[-70.  -8.  -4.  -2.   0.   2.   4.   8.  70.],"[0.04, 0.19, 0.25, 0.2, 0.118, 0.581, 0.3, 0.583, 0.585]","[0.16, 0.16, 0.16, 0.16, 0.16, 0.16, 0.16, 0.16, 0.16, 0.16, 0.16, 0.16, 0.16, 0.16, 0.16, 0.16, 0.16, 0.16, 0.16, 0.16, 0.16, 0.16, 0.16, 0.16, 0.16, 0.16, 0.16, 0.16, 0.16, 0.16, 0.16, 0.16, 0.16, 0.16, 0.16, 0.16, 0.16, 0.16, 0.16, 0.16, 0.16, 0.16, 0.16, 0.16, 0.16, 0.16, 0.16, 0.16, 0.16, 0.16, 0.16, 0.51, 0.51, 0.51, 0.51, 0.51, 0.51, 0.51, 0.51, 0.51, 0.51, 0.51, 0.51, 0.51, 0.51, 0.51, 0.51, 0.51, 0.51, 0.51, 0.51, 0.51, 0.51, 0.51, 0.51, 0.51, 0.51, 0.51, 0.51, 0.51, 0.51, 0.51, 0.51, 0.51, 0.51, 0.51, 0.51, 0.51, 0.51, 0.51, 0.51, 0.51, 0.51, 0.51, 0.51, 0.51, 0.51, 0.51, 0.51, 0.51]","[0.016, 0.088, 0.09, 0.069, 0.081, 0.09, 0.085, 0.103, 0.039]","[0.35, 3.19, 0.4, 0.1]",0.35,3.19,0.4,0.1
2023-10-20,4,237,911,['Bpod0'],245,128,117,180,64,175,119,56,90,85,69,8,61,0.7142857142857143,0.9296875,0.47863247863247865,244,127,117,139,127,12,0.7055555555555556,0.1875,104,52,52,0.28888888888888886,0.8125,0.7172131147540983,0.937007874015748,0.47863247863247865,0.7344632768361582,-0.4583753953832694,0.6474820143884892,0.8173076923076923,-0.1698256779192031,0.4465277777777778,0.5506944444444444,1,1,0,0.004081632653061225,0.0078125,0.0,175,119,56,437.5,297.5,140.0,0,0,0,0,0.5,0.49999999999999994,"psych_curve(xdata=array([-70.,  -8.,  -4.,  -2.,   0.,   2.,   4.,   8.,  70.]), ydata=[0.021, 0.0, 0.182, 0.286, 0.364, 0.545, 0.7, 0.556, 0.444], fit=[0.01, 0.01, 0.01, 0.01, 0.01, 0.01, 0.01, 0.01, 0.01, 0.01, 0.01, 0.01, 0.01, 0.01, 0.01, 0.01, 0.01, 0.01, 0.01, 0.01, 0.01, 0.01, 0.01, 0.01, 0.01, 0.01, 0.01, 0.01, 0.01, 0.01, 0.01, 0.01, 0.01, 0.01, 0.01, 0.01, 0.01, 0.01, 0.01, 0.01, 0.011, 0.011, 0.013, 0.018, 0.027, 0.049, 0.091, 0.167, 0.274, 0.384, 0.466, 0.515, 0.54, 0.551, 0.556, 0.558, 0.559, 0.56, 0.56, 0.56, 0.56, 0.56, 0.56, 0.56, 0.56, 0.56, 0.56, 0.56, 0.56, 0.56, 0.56, 0.56, 0.56, 0.56, 0.56, 0.56, 0.56, 0.56, 0.56, 0.56, 0.56, 0.56, 0.56, 0.56, 0.56, 0.56, 0.56, 0.56, 0.56, 0.56, 0.56, 0.56, 0.56, 0.56, 0.56, 0.56, 0.56, 0.56, 0.56, 0.56], params=[0.59, -1.98, 0.01, 0.44], fit_error=[0.015, 0.0, 0.122, 0.184, 0.152, 0.157, 0.153, 0.176, 0.056])",[-70.  -8.  -4.  -2.   0.   2.   4.   8.  70.],"[0.021, 0.0, 0.182, 0.286, 0.364, 0.545, 0.7, 0.556, 0.444]","[0.01, 0.01, 0.01, 0.01, 0.01, 0.01, 0.01, 0.01, 0.01, 0.01, 0.01, 0.01, 0.01, 0.01, 0.01, 0.01, 0.01, 0.01, 0.01, 0.01, 0.01, 0.01, 0.01, 0.01, 0.01, 0.01, 0.01, 0.01, 0.01, 0.01, 0.01, 0.01, 0.01, 0.01, 0.01, 0.01, 0.01, 0.01, 0.01, 0.01, 0.011, 0.011, 0.013, 0.018, 0.027, 0.049, 0.091, 0.167, 0.274, 0.384, 0.466, 0.515, 0.54, 0.551, 0.556, 0.558, 0.559, 0.56, 0.56, 0.56, 0.56, 0.56, 0.56, 0.56, 0.56, 0.56, 0.56, 0.56, 0.56, 0.56, 0.56, 0.56, 0.56, 0.56, 0.56, 0.56, 0.56, 0.56, 0.56, 0.56, 0.56, 0.56, 0.56, 0.56, 0.56, 0.56, 0.56, 0.56, 0.56, 0.56, 0.56, 0.56, 0.56, 0.56, 0.56, 0.56, 0.56, 0.56, 0.56, 0.56]","[0.015, 0.0, 0.122, 0.184, 0.152, 0.157, 0.153, 0.176, 0.056]","[0.59, -1.98, 0.01, 0.44]",0.59,-1.98,0.01,0.44,"psych_curve(xdata=array([-70.,  -8.,  -4.,  -2.,  -0.,   2.,   4.,   8.,  70.]), ydata=[0.372, 0.273, 0.267, 0.455, 0.545, 0.714, 0.833, 0.833, 0.866], fit=[nan, nan, nan, nan, nan, nan, nan, nan, nan, nan, nan, nan, nan, nan, nan, nan, nan, nan, nan, nan, nan, nan, nan, nan, nan, nan, nan, nan, nan, nan, nan, nan, nan, nan, nan, nan, nan, nan, nan, nan, nan, nan, nan, nan, nan, nan, nan, nan, nan, nan, nan, nan, nan, nan, nan, nan, nan, nan, nan, nan, nan, nan, nan, nan, nan, nan, nan, nan, nan, nan, nan, nan, nan, nan, nan, nan, nan, nan, nan, nan, nan, nan, nan, nan, nan, nan, nan, nan, nan, nan, nan, nan, nan, nan, nan, nan, nan, nan, nan, nan], params=[0.68, 0.26, 0.31, 0.14], fit_error=[0.05, 0.141, 0.118, 0.157, 0.157, 0.184, 0.167, 0.167, 0.038])",[-70.  -8.  -4.  -2.   0.   2.   4.   8.  70.],"[0.021, 0.0, 0.182, 0.286, 0.364, 0.545, 0.7, 0.556, 0.444]","[0.01, 0.01, 0.01, 0.01, 0.01, 0.01, 0.01, 0.01, 0.01, 0.01, 0.01, 0.01, 0.01, 0.01, 0.01, 0.01, 0.01, 0.01, 0.01, 0.01, 0.01, 0.01, 0.01, 0.01, 0.01, 0.01, 0.01, 0.01, 0.01, 0.01, 0.01, 0.01, 0.01, 0.01, 0.01, 0.01, 0.01, 0.01, 0.01, 0.01, 0.011, 0.011, 0.013, 0.018, 0.027, 0.049, 0.091, 0.167, 0.274, 0.384, 0.466, 0.515, 0.54, 0.551, 0.556, 0.558, 0.559, 0.56, 0.56, 0.56, 0.56, 0.56, 0.56, 0.56, 0.56, 0.56, 0.56, 0.56, 0.56, 0.56, 0.56, 0.56, 0.56, 0.56, 0.56, 0.56, 0.56, 0.56, 0.56, 0.56, 0.56, 0.56, 0.56, 0.56, 0.56, 0.56, 0.56, 0.56, 0.56, 0.56, 0.56, 0.56, 0.56, 0.56, 0.56, 0.56, 0.56, 0.56, 0.56, 0.56]","[0.015, 0.0, 0.122, 0.184, 0.152, 0.157, 0.153, 0.176, 0.056]","[0.68, 0.26, 0.31, 0.14]",0.68,0.26,0.31,0.14
2023-10-21,5,238,911,['Bpod0'],275,137,138,185,40,142,108,34,84,44,83,6,77,0.5163636363636364,0.7883211678832117,0.2463768115942029,225,114,111,146,135,11,0.7297297297297297,0.275,54,26,28,0.14054054054054055,0.7,0.6311111111111111,0.9473684210526315,0.3063063063063063,0.6944444444444444,-0.6410621147463252,0.5753424657534246,0.8148148148148148,-0.23947234906139014,0.5023648648648649,0.42027027027027025,50,23,27,0.18181818181818182,0.1678832116788321,0.1956521739130435,142,108,34,355.0,270.0,85.0,0,0,0,0,0.5,0.4999999999999999,"psych_curve(xdata=array([-70.,  -8.,  -4.,  -2.,   0.,   2.,   4.,   8.,  70.]), ydata=[0.041, 0.0, 0.143, 0.133, 0.0, 0.0, 0.176, 0.2, 0.423], fit=[0.05, 0.05, 0.05, 0.05, 0.05, 0.05, 0.05, 0.05, 0.05, 0.05, 0.05, 0.05, 0.05, 0.05, 0.05, 0.05, 0.05, 0.05, 0.05, 0.05, 0.05, 0.05, 0.05, 0.05, 0.05, 0.05, 0.05, 0.05, 0.05, 0.05, 0.05, 0.05, 0.05, 0.05, 0.05, 0.05, 0.05, 0.05, 0.05, 0.05, 0.05, 0.05, 0.05, 0.051, 0.051, 0.052, 0.053, 0.054, 0.057, 0.061, 0.069, 0.08, 0.097, 0.122, 0.157, 0.199, 0.245, 0.291, 0.33, 0.36, 0.381, 0.396, 0.405, 0.411, 0.414, 0.417, 0.418, 0.419, 0.419, 0.42, 0.42, 0.42, 0.42, 0.42, 0.42, 0.42, 0.42, 0.42, 0.42, 0.42, 0.42, 0.42, 0.42, 0.42, 0.42, 0.42, 0.42, 0.42, 0.42, 0.42, 0.42, 0.42, 0.42, 0.42, 0.42, 0.42, 0.42, 0.42, 0.42, 0.42], params=[0.36, 8.88, 0.05, 0.58], fit_error=[0.023, 0.0, 0.143, 0.091, 0.0, 0.0, 0.095, 0.2, 0.059])",[-70.  -8.  -4.  -2.   0.   2.   4.   8.  70.],"[0.041, 0.0, 0.143, 0.133, 0.0, 0.0, 0.176, 0.2, 0.423]","[0.05, 0.05, 0.05, 0.05, 0.05, 0.05, 0.05, 0.05, 0.05, 0.05, 0.05, 0.05, 0.05, 0.05, 0.05, 0.05, 0.05, 0.05, 0.05, 0.05, 0.05, 0.05, 0.05, 0.05, 0.05, 0.05, 0.05, 0.05, 0.05, 0.05, 0.05, 0.05, 0.05, 0.05, 0.05, 0.05, 0.05, 0.05, 0.05, 0.05, 0.05, 0.05, 0.05, 0.051, 0.051, 0.052, 0.053, 0.054, 0.057, 0.061, 0.069, 0.08, 0.097, 0.122, 0.157, 0.199, 0.245, 0.291, 0.33, 0.36, 0.381, 0.396, 0.405, 0.411, 0.414, 0.417, 0.418, 0.419, 0.419, 0.42, 0.42, 0.42, 0.42, 0.42, 0.42, 0.42, 0.42, 0.42, 0.42, 0.42, 0.42, 0.42, 0.42, 0.42, 0.42, 0.42, 0.42, 0.42, 0.42, 0.42, 0.42, 0.42, 0.42, 0.42, 0.42, 0.42, 0.42, 0.42, 0.42, 0.42]","[0.023, 0.0, 0.143, 0.091, 0.0, 0.0, 0.095, 0.2, 0.059]","[0.36, 8.88, 0.05, 0.58]",0.36,8.88,0.05,0.58,"psych_curve(xdata=array([-70.,  -8.,  -4.,  -2.,   0.,   2.,   4.,   8.,  70.]), ydata=[0.455, 0.5, 0.8, 0.929, 0.857, 0.857, 0.75, 1.0, 0.914], fit=[nan, nan, nan, nan, nan, nan, nan, nan, nan, nan, nan, nan, nan, nan, nan, nan, nan, nan, nan, nan, nan, nan, nan, nan, nan, nan, nan, nan, nan, nan, nan, nan, nan, nan, nan, nan, nan, nan, nan, nan, nan, nan, nan, nan, nan, nan, nan, nan, nan, nan, nan, nan, nan, nan, nan, nan, nan, nan, nan, nan, nan, nan, nan, nan, nan, nan, nan, nan, nan, nan, nan, nan, nan, nan, nan, nan, nan, nan, nan, nan, nan, nan, nan, nan, nan, nan, nan, nan, nan, nan, nan, nan, nan, nan, nan, nan, nan, nan, nan, nan], params=[1.04, -5.52, 0.46, 0.12], fit_error=[0.062, 0.189, 0.107, 0.071, 0.143, 0.097, 0.164, 0.0, 0.037])",[-70.  -8.  -4.  -2.   0.   2.   4.   8.  70.],"[0.041, 0.0, 0.143, 0.133, 0.0, 0.0, 0.176, 0.2, 0.423]","[0.05, 0.05, 0.05, 0.05, 0.05, 0.05, 0.05, 0.05, 0.05, 0.05, 0.05, 0.05, 0.05, 0.05, 0.05, 0.05, 0.05, 0.05, 0.05, 0.05, 0.05, 0.05, 0.05, 0.05, 0.05, 0.05, 0.05, 0.05, 0.05, 0.05, 0.05, 0.05, 0.05, 0.05, 0.05, 0.05, 0.05, 0.05, 0.05, 0.05, 0.05, 0.05, 0.05, 0.051, 0.051, 0.052, 0.053, 0.054, 0.057, 0.061, 0.069, 0.08, 0.097, 0.122, 0.157, 0.199, 0.245, 0.291, 0.33, 0.36, 0.381, 0.396, 0.405, 0.411, 0.414, 0.417, 0.418, 0.419, 0.419, 0.42, 0.42, 0.42, 0.42, 0.42, 0.42, 0.42, 0.42, 0.42, 0.42, 0.42, 0.42, 0.42, 0.42, 0.42, 0.42, 0.42, 0.42, 0.42, 0.42, 0.42, 0.42, 0.42, 0.42, 0.42, 0.42, 0.42, 0.42, 0.42, 0.42, 0.42]","[0.023, 0.0, 0.143, 0.091, 0.0, 0.0, 0.095, 0.2, 0.059]","[1.04, -5.52, 0.46, 0.12]",1.04,-5.52,0.46,0.12
2023-10-23,0,240,911,['Bpod0'],779,395,384,464,298,534,311,223,287,240,228,75,153,0.6854942233632862,0.7873417721518987,0.5807291666666666,762,386,376,423,291,132,0.6271551724137931,0.4429530201342282,330,165,165,0.35560344827586204,0.5536912751677853,0.7007874015748031,0.805699481865285,0.5930851063829787,0.75,-0.21261437548230622,0.6784869976359338,0.7272727272727273,-0.04878572963679351,0.5350540962740107,0.45464736172182363,17,9,8,0.021822849807445442,0.02278481012658228,0.020833333333333332,534,311,223,1335.0,777.5,557.5,0,0,0,0,0.5,0.5,"psych_curve(xdata=array([-70.,  -8.,  -4.,  -2.,   0.,   2.,   4.,   8.,  70.]), ydata=[0.159, 0.128, 0.261, 0.302, 0.297, 0.4, 0.588, 0.62, 0.658], fit=[0.16, 0.16, 0.16, 0.16, 0.16, 0.16, 0.16, 0.16, 0.16, 0.16, 0.16, 0.16, 0.16, 0.16, 0.16, 0.16, 0.16, 0.16, 0.16, 0.16, 0.16, 0.16, 0.16, 0.16, 0.16, 0.16, 0.16, 0.16, 0.16, 0.16, 0.16, 0.16, 0.16, 0.16, 0.16, 0.16, 0.16, 0.16, 0.161, 0.161, 0.162, 0.163, 0.165, 0.169, 0.175, 0.185, 0.202, 0.228, 0.266, 0.318, 0.381, 0.449, 0.513, 0.565, 0.603, 0.628, 0.645, 0.655, 0.661, 0.665, 0.667, 0.668, 0.669, 0.669, 0.67, 0.67, 0.67, 0.67, 0.67, 0.67, 0.67, 0.67, 0.67, 0.67, 0.67, 0.67, 0.67, 0.67, 0.67, 0.67, 0.67, 0.67, 0.67, 0.67, 0.67, 0.67, 0.67, 0.67, 0.67, 0.67, 0.67, 0.67, 0.67, 0.67, 0.67, 0.67, 0.67, 0.67, 0.67, 0.67], params=[0.38, 1.41, 0.16, 0.33], fit_error=[0.024, 0.049, 0.065, 0.071, 0.076, 0.074, 0.086, 0.069, 0.031])",[-70.  -8.  -4.  -2.   0.   2.   4.   8.  70.],"[0.159, 0.128, 0.261, 0.302, 0.297, 0.4, 0.588, 0.62, 0.658]","[0.16, 0.16, 0.16, 0.16, 0.16, 0.16, 0.16, 0.16, 0.16, 0.16, 0.16, 0.16, 0.16, 0.16, 0.16, 0.16, 0.16, 0.16, 0.16, 0.16, 0.16, 0.16, 0.16, 0.16, 0.16, 0.16, 0.16, 0.16, 0.16, 0.16, 0.16, 0.16, 0.16, 0.16, 0.16, 0.16, 0.16, 0.16, 0.161, 0.161, 0.162, 0.163, 0.165, 0.169, 0.175, 0.185, 0.202, 0.228, 0.266, 0.318, 0.381, 0.449, 0.513, 0.565, 0.603, 0.628, 0.645, 0.655, 0.661, 0.665, 0.667, 0.668, 0.669, 0.669, 0.67, 0.67, 0.67, 0.67, 0.67, 0.67, 0.67, 0.67, 0.67, 0.67, 0.67, 0.67, 0.67, 0.67, 0.67, 0.67, 0.67, 0.67, 0.67, 0.67, 0.67, 0.67, 0.67, 0.67, 0.67, 0.67, 0.67, 0.67, 0.67, 0.67, 0.67, 0.67, 0.67, 0.67, 0.67, 0.67]","[0.024, 0.049, 0.065, 0.071, 0.076, 0.074, 0.086, 0.069, 0.031]","[0.38, 1.41, 0.16, 0.33]",0.38,1.41,0.16,0.33,"psych_curve(xdata=array([-70.,  -8.,  -4.,  -2.,   0.,   2.,   4.,   8.,  70.]), ydata=[0.288, 0.347, 0.419, 0.545, 0.622, 0.61, 0.784, 0.851, 0.785], fit=[nan, nan, nan, nan, nan, nan, nan, nan, nan, nan, nan, nan, nan, nan, nan, nan, nan, nan, nan, nan, nan, nan, nan, nan, nan, nan, nan, nan, nan, nan, nan, nan, nan, nan, nan, nan, nan, nan, nan, nan, nan, nan, nan, nan, nan, nan, nan, nan, nan, nan, nan, nan, nan, nan, nan, nan, nan, nan, nan, nan, nan, nan, nan, nan, nan, nan, nan, nan, nan, nan, nan, nan, nan, nan, nan, nan, nan, nan, nan, nan, nan, nan, nan, nan, nan, nan, nan, nan, nan, nan, nan, nan, nan, nan, nan, nan, nan, nan, nan, nan], params=[0.34, -1.06, 0.29, 0.18], fit_error=[0.03, 0.069, 0.076, 0.076, 0.081, 0.077, 0.069, 0.052, 0.027])",[-70.  -8.  -4.  -2.   0.   2.   4.   8.  70.],"[0.159, 0.128, 0.261, 0.302, 0.297, 0.4, 0.588, 0.62, 0.658]","[0.16, 0.16, 0.16, 0.16, 0.16, 0.16, 0.16, 0.16, 0.16, 0.16, 0.16, 0.16, 0.16, 0.16, 0.16, 0.16, 0.16, 0.16, 0.16, 0.16, 0.16, 0.16, 0.16, 0.16, 0.16, 0.16, 0.16, 0.16, 0.16, 0.16, 0.16, 0.16, 0.16, 0.16, 0.16, 0.16, 0.16, 0.16, 0.161, 0.161, 0.162, 0.163, 0.165, 0.169, 0.175, 0.185, 0.202, 0.228, 0.266, 0.318, 0.381, 0.449, 0.513, 0.565, 0.603, 0.628, 0.645, 0.655, 0.661, 0.665, 0.667, 0.668, 0.669, 0.669, 0.67, 0.67, 0.67, 0.67, 0.67, 0.67, 0.67, 0.67, 0.67, 0.67, 0.67, 0.67, 0.67, 0.67, 0.67, 0.67, 0.67, 0.67, 0.67, 0.67, 0.67, 0.67, 0.67, 0.67, 0.67, 0.67, 0.67, 0.67, 0.67, 0.67, 0.67, 0.67, 0.67, 0.67, 0.67, 0.67]","[0.024, 0.049, 0.065, 0.071, 0.076, 0.074, 0.086, 0.069, 0.031]","[0.34, -1.06, 0.29, 0.18]",0.34,-1.06,0.29,0.18
2023-10-24,1,241,911,['Bpod0'],480,234,246,257,203,320,172,148,161,152,140,55,85,0.6666666666666666,0.7350427350427351,0.6016260162601627,460,227,233,239,145,94,0.5642023346303502,0.4630541871921182,208,105,103,0.4085603112840467,0.5073891625615764,0.6956521739130435,0.7577092511013216,0.6351931330472103,0.7533783783783784,-0.12251611805411133,0.6736401673640168,0.7307692307692307,-0.05712906340521395,0.5136282609112341,0.45797473692281154,20,7,13,0.041666666666666664,0.029914529914529916,0.052845528455284556,320,172,148,800.0,430.0,370.0,0,0,0,0,0.5,0.5,"psych_curve(xdata=array([-70.,  -8.,  -4.,  -2.,   0.,   2.,   4.,   8.,  70.]), ydata=[0.214, 0.35, 0.25, 0.318, 0.263, 0.407, 0.452, 0.706, 0.722], fit=[0.28, 0.28, 0.28, 0.28, 0.28, 0.28, 0.28, 0.28, 0.28, 0.28, 0.28, 0.28, 0.28, 0.28, 0.28, 0.28, 0.28, 0.28, 0.28, 0.28, 0.28, 0.28, 0.28, 0.28, 0.28, 0.28, 0.28, 0.28, 0.28, 0.28, 0.28, 0.28, 0.28, 0.28, 0.28, 0.28, 0.28, 0.28, 0.28, 0.28, 0.28, 0.28, 0.28, 0.28, 0.28, 0.281, 0.282, 0.284, 0.288, 0.299, 0.323, 0.371, 0.448, 0.544, 0.627, 0.68, 0.707, 0.72, 0.726, 0.728, 0.729, 0.73, 0.73, 0.73, 0.73, 0.73, 0.73, 0.73, 0.73, 0.73, 0.73, 0.73, 0.73, 0.73, 0.73, 0.73, 0.73, 0.73, 0.73, 0.73, 0.73, 0.73, 0.73, 0.73, 0.73, 0.73, 0.73, 0.73, 0.73, 0.73, 0.73, 0.73, 0.73, 0.73, 0.73, 0.73, 0.73, 0.73, 0.73, 0.73], params=[0.61, 4.38, 0.28, 0.27], fit_error=[0.034, 0.109, 0.083, 0.102, 0.104, 0.096, 0.091, 0.114, 0.037])",[-70.  -8.  -4.  -2.   0.   2.   4.   8.  70.],"[0.214, 0.35, 0.25, 0.318, 0.263, 0.407, 0.452, 0.706, 0.722]","[0.28, 0.28, 0.28, 0.28, 0.28, 0.28, 0.28, 0.28, 0.28, 0.28, 0.28, 0.28, 0.28, 0.28, 0.28, 0.28, 0.28, 0.28, 0.28, 0.28, 0.28, 0.28, 0.28, 0.28, 0.28, 0.28, 0.28, 0.28, 0.28, 0.28, 0.28, 0.28, 0.28, 0.28, 0.28, 0.28, 0.28, 0.28, 0.28, 0.28, 0.28, 0.28, 0.28, 0.28, 0.28, 0.281, 0.282, 0.284, 0.288, 0.299, 0.323, 0.371, 0.448, 0.544, 0.627, 0.68, 0.707, 0.72, 0.726, 0.728, 0.729, 0.73, 0.73, 0.73, 0.73, 0.73, 0.73, 0.73, 0.73, 0.73, 0.73, 0.73, 0.73, 0.73, 0.73, 0.73, 0.73, 0.73, 0.73, 0.73, 0.73, 0.73, 0.73, 0.73, 0.73, 0.73, 0.73, 0.73, 0.73, 0.73, 0.73, 0.73, 0.73, 0.73, 0.73, 0.73, 0.73, 0.73, 0.73, 0.73]","[0.034, 0.109, 0.083, 0.102, 0.104, 0.096, 0.091, 0.114, 0.037]","[0.61, 4.38, 0.28, 0.27]",0.61,4.38,0.28,0.27,"psych_curve(xdata=array([-70.,  -8.,  -4.,  -2.,  -0.,   2.,   4.,   8.,  70.]), ydata=[0.261, 0.429, 0.5, 0.5, 0.647, 0.56, 0.75, 0.714, 0.785], fit=[nan, nan, nan, nan, nan, nan, nan, nan, nan, nan, nan, nan, nan, nan, nan, nan, nan, nan, nan, nan, nan, nan, nan, nan, nan, nan, nan, nan, nan, nan, nan, nan, nan, nan, nan, nan, nan, nan, nan, nan, nan, nan, nan, nan, nan, nan, nan, nan, nan, nan, nan, nan, nan, nan, nan, nan, nan, nan, nan, nan, nan, nan, nan, nan, nan, nan, nan, nan, nan, nan, nan, nan, nan, nan, nan, nan, nan, nan, nan, nan, nan, nan, nan, nan, nan, nan, nan, nan, nan, nan, nan, nan, nan, nan, nan, nan, nan, nan, nan, nan], params=[0.19, -2.82, 0.27, 0.21], fit_error=[0.036, 0.137, 0.087, 0.104, 0.119, 0.101, 0.09, 0.101, 0.035])",[-70.  -8.  -4.  -2.   0.   2.   4.   8.  70.],"[0.214, 0.35, 0.25, 0.318, 0.263, 0.407, 0.452, 0.706, 0.722]","[0.28, 0.28, 0.28, 0.28, 0.28, 0.28, 0.28, 0.28, 0.28, 0.28, 0.28, 0.28, 0.28, 0.28, 0.28, 0.28, 0.28, 0.28, 0.28, 0.28, 0.28, 0.28, 0.28, 0.28, 0.28, 0.28, 0.28, 0.28, 0.28, 0.28, 0.28, 0.28, 0.28, 0.28, 0.28, 0.28, 0.28, 0.28, 0.28, 0.28, 0.28, 0.28, 0.28, 0.28, 0.28, 0.281, 0.282, 0.284, 0.288, 0.299, 0.323, 0.371, 0.448, 0.544, 0.627, 0.68, 0.707, 0.72, 0.726, 0.728, 0.729, 0.73, 0.73, 0.73, 0.73, 0.73, 0.73, 0.73, 0.73, 0.73, 0.73, 0.73, 0.73, 0.73, 0.73, 0.73, 0.73, 0.73, 0.73, 0.73, 0.73, 0.73, 0.73, 0.73, 0.73, 0.73, 0.73, 0.73, 0.73, 0.73, 0.73, 0.73, 0.73, 0.73, 0.73, 0.73, 0.73, 0.73, 0.73, 0.73]","[0.034, 0.109, 0.083, 0.102, 0.104, 0.096, 0.091, 0.114, 0.037]","[0.19, -2.82, 0.27, 0.21]",0.19,-2.82,0.27,0.21
2023-10-25,2,242,911,['Bpod0'],339,156,183,143,140,230,113,117,104,115,53,23,30,0.6784660766961652,0.7243589743589743,0.639344262295082,283,136,147,130,65,65,0.45454545454545453,0.4642857142857143,138,68,70,0.4755244755244755,0.5,0.8127208480565371,0.8308823529411765,0.7959183673469388,0.8823529411764706,-0.034963985594237745,0.8,0.8333333333333334,-0.033333333333333326,0.4594155844155844,0.48776223776223776,56,20,36,0.16519174041297935,0.1282051282051282,0.19672131147540983,230,113,117,575.0,282.5,292.5,0,0,0,0,0.5,0.5,"psych_curve(xdata=array([-70.,  -8.,  -4.,  -2.,   0.,   2.,   4.,   8.,  70.]), ydata=[0.115, 0.333, 0.125, 0.182, 0.7, 0.6, 0.429, 0.765, 0.88], fit=[0.13, 0.13, 0.13, 0.13, 0.13, 0.13, 0.13, 0.13, 0.13, 0.13, 0.13, 0.13, 0.13, 0.13, 0.13, 0.13, 0.13, 0.13, 0.13, 0.13, 0.13, 0.13, 0.13, 0.13, 0.13, 0.13, 0.13, 0.13, 0.13, 0.13, 0.131, 0.131, 0.131, 0.132, 0.133, 0.134, 0.135, 0.137, 0.14, 0.144, 0.149, 0.156, 0.166, 0.18, 0.198, 0.223, 0.254, 0.293, 0.34, 0.394, 0.454, 0.517, 0.579, 0.636, 0.687, 0.729, 0.764, 0.791, 0.812, 0.828, 0.839, 0.848, 0.854, 0.859, 0.862, 0.864, 0.866, 0.867, 0.868, 0.869, 0.869, 0.869, 0.869, 0.87, 0.87, 0.87, 0.87, 0.87, 0.87, 0.87, 0.87, 0.87, 0.87, 0.87, 0.87, 0.87, 0.87, 0.87, 0.87, 0.87, 0.87, 0.87, 0.87, 0.87, 0.87, 0.87, 0.87, 0.87, 0.87, 0.87], params=[0.24, 1.74, 0.13, 0.13], fit_error=[0.034, 0.114, 0.085, 0.122, 0.153, 0.163, 0.137, 0.106, 0.033])",[-70.  -8.  -4.  -2.   0.   2.   4.   8.  70.],"[0.115, 0.333, 0.125, 0.182, 0.7, 0.6, 0.429, 0.765, 0.88]","[0.13, 0.13, 0.13, 0.13, 0.13, 0.13, 0.13, 0.13, 0.13, 0.13, 0.13, 0.13, 0.13, 0.13, 0.13, 0.13, 0.13, 0.13, 0.13, 0.13, 0.13, 0.13, 0.13, 0.13, 0.13, 0.13, 0.13, 0.13, 0.13, 0.13, 0.131, 0.131, 0.131, 0.132, 0.133, 0.134, 0.135, 0.137, 0.14, 0.144, 0.149, 0.156, 0.166, 0.18, 0.198, 0.223, 0.254, 0.293, 0.34, 0.394, 0.454, 0.517, 0.579, 0.636, 0.687, 0.729, 0.764, 0.791, 0.812, 0.828, 0.839, 0.848, 0.854, 0.859, 0.862, 0.864, 0.866, 0.867, 0.868, 0.869, 0.869, 0.869, 0.869, 0.87, 0.87, 0.87, 0.87, 0.87, 0.87, 0.87, 0.87, 0.87, 0.87, 0.87, 0.87, 0.87, 0.87, 0.87, 0.87, 0.87, 0.87, 0.87, 0.87, 0.87, 0.87, 0.87, 0.87, 0.87, 0.87, 0.87]","[0.034, 0.114, 0.085, 0.122, 0.153, 0.163, 0.137, 0.106, 0.033]","[0.24, 1.74, 0.13, 0.13]",0.24,1.74,0.13,0.13,"psych_curve(xdata=array([-70.,  -8.,  -4.,  -2.,  -0.,   2.,   4.,   8.,  70.]), ydata=[0.141, 0.208, 0.167, 0.333, 0.3, 0.778, 0.6, 0.545, 0.911], fit=[nan, nan, nan, nan, nan, nan, nan, nan, nan, nan, nan, nan, nan, nan, nan, nan, nan, nan, nan, nan, nan, nan, nan, nan, nan, nan, nan, nan, nan, nan, nan, nan, nan, nan, nan, nan, nan, nan, nan, nan, nan, nan, nan, nan, nan, nan, nan, nan, nan, nan, nan, nan, nan, nan, nan, nan, nan, nan, nan, nan, nan, nan, nan, nan, nan, nan, nan, nan, nan, nan, nan, nan, nan, nan, nan, nan, nan, nan, nan, nan, nan, nan, nan, nan, nan, nan, nan, nan, nan, nan, nan, nan, nan, nan, nan, nan, nan, nan, nan, nan], params=[7.74, 0.2, 0.21, 0.29], fit_error=[0.038, 0.085, 0.112, 0.142, 0.153, 0.147, 0.131, 0.157, 0.03])",[-70.  -8.  -4.  -2.   0.   2.   4.   8.  70.],"[0.115, 0.333, 0.125, 0.182, 0.7, 0.6, 0.429, 0.765, 0.88]","[0.13, 0.13, 0.13, 0.13, 0.13, 0.13, 0.13, 0.13, 0.13, 0.13, 0.13, 0.13, 0.13, 0.13, 0.13, 0.13, 0.13, 0.13, 0.13, 0.13, 0.13, 0.13, 0.13, 0.13, 0.13, 0.13, 0.13, 0.13, 0.13, 0.13, 0.131, 0.131, 0.131, 0.132, 0.133, 0.134, 0.135, 0.137, 0.14, 0.144, 0.149, 0.156, 0.166, 0.18, 0.198, 0.223, 0.254, 0.293, 0.34, 0.394, 0.454, 0.517, 0.579, 0.636, 0.687, 0.729, 0.764, 0.791, 0.812, 0.828, 0.839, 0.848, 0.854, 0.859, 0.862, 0.864, 0.866, 0.867, 0.868, 0.869, 0.869, 0.869, 0.869, 0.87, 0.87, 0.87, 0.87, 0.87, 0.87, 0.87, 0.87, 0.87, 0.87, 0.87, 0.87, 0.87, 0.87, 0.87, 0.87, 0.87, 0.87, 0.87, 0.87, 0.87, 0.87, 0.87, 0.87, 0.87, 0.87, 0.87]","[0.034, 0.114, 0.085, 0.122, 0.153, 0.163, 0.137, 0.106, 0.033]","[7.74, 0.2, 0.21, 0.29]",7.74,0.2,0.21,0.29
2023-10-26,3,243,911,['Bpod0'],363,195,168,174,153,243,132,111,117,121,84,42,42,0.6694214876033058,0.676923076923077,0.6607142857142857,327,174,153,164,91,73,0.5229885057471264,0.477124183006536,156,77,79,0.4425287356321839,0.5163398692810458,0.7431192660550459,0.7586206896551724,0.7254901960784313,0.8379629629629629,-0.03313049357674103,0.7134146341463414,0.7756410256410257,-0.06222639149468423,0.5000563443768312,0.4794343024566149,36,21,15,0.09917355371900827,0.1076923076923077,0.08928571428571429,243,132,111,607.5,330.0,277.5,0,0,0,0,0.5,0.5,"psych_curve(xdata=array([-70.,  -8.,  -4.,  -2.,   0.,   2.,   4.,   8.,  70.]), ydata=[0.177, 0.231, 0.278, 0.4, 0.438, 0.538, 0.308, 0.611, 0.854], fit=[0.17, 0.17, 0.17, 0.17, 0.17, 0.17, 0.17, 0.17, 0.17, 0.17, 0.17, 0.17, 0.17, 0.17, 0.17, 0.171, 0.171, 0.171, 0.171, 0.171, 0.171, 0.172, 0.172, 0.173, 0.173, 0.174, 0.174, 0.175, 0.176, 0.178, 0.179, 0.181, 0.183, 0.186, 0.189, 0.193, 0.197, 0.202, 0.209, 0.216, 0.224, 0.234, 0.246, 0.259, 0.274, 0.292, 0.311, 0.333, 0.357, 0.382, 0.41, 0.439, 0.47, 0.501, 0.532, 0.563, 0.593, 0.622, 0.649, 0.674, 0.697, 0.717, 0.736, 0.752, 0.767, 0.779, 0.79, 0.799, 0.807, 0.814, 0.82, 0.825, 0.829, 0.832, 0.835, 0.838, 0.84, 0.841, 0.843, 0.844, 0.845, 0.846, 0.847, 0.847, 0.848, 0.848, 0.848, 0.849, 0.849, 0.849, 0.849, 0.849, 0.849, 0.85, 0.85, 0.85, 0.85, 0.85, 0.85, 0.85], params=[0.13, 5.36, 0.17, 0.15], fit_error=[0.036, 0.122, 0.109, 0.112, 0.128, 0.144, 0.133, 0.118, 0.035])",[-70.  -8.  -4.  -2.   0.   2.   4.   8.  70.],"[0.177, 0.231, 0.278, 0.4, 0.438, 0.538, 0.308, 0.611, 0.854]","[0.17, 0.17, 0.17, 0.17, 0.17, 0.17, 0.17, 0.17, 0.17, 0.17, 0.17, 0.17, 0.17, 0.17, 0.17, 0.171, 0.171, 0.171, 0.171, 0.171, 0.171, 0.172, 0.172, 0.173, 0.173, 0.174, 0.174, 0.175, 0.176, 0.178, 0.179, 0.181, 0.183, 0.186, 0.189, 0.193, 0.197, 0.202, 0.209, 0.216, 0.224, 0.234, 0.246, 0.259, 0.274, 0.292, 0.311, 0.333, 0.357, 0.382, 0.41, 0.439, 0.47, 0.501, 0.532, 0.563, 0.593, 0.622, 0.649, 0.674, 0.697, 0.717, 0.736, 0.752, 0.767, 0.779, 0.79, 0.799, 0.807, 0.814, 0.82, 0.825, 0.829, 0.832, 0.835, 0.838, 0.84, 0.841, 0.843, 0.844, 0.845, 0.846, 0.847, 0.847, 0.848, 0.848, 0.848, 0.849, 0.849, 0.849, 0.849, 0.849, 0.849, 0.85, 0.85, 0.85, 0.85, 0.85, 0.85, 0.85]","[0.036, 0.122, 0.109, 0.112, 0.128, 0.144, 0.133, 0.118, 0.035]","[0.13, 5.36, 0.17, 0.15]",0.13,5.36,0.17,0.15,"psych_curve(xdata=array([-70.,  -8.,  -4.,  -2.,  -0.,   2.,   4.,   8.,  70.]), ydata=[0.167, 0.389, 0.615, 0.333, 0.625, 0.467, 0.688, 0.75, 0.846], fit=[nan, nan, nan, nan, nan, nan, nan, nan, nan, nan, nan, nan, nan, nan, nan, nan, nan, nan, nan, nan, nan, nan, nan, nan, nan, nan, nan, nan, nan, nan, nan, nan, nan, nan, nan, nan, nan, nan, nan, nan, nan, nan, nan, nan, nan, nan, nan, nan, nan, nan, nan, nan, nan, nan, nan, nan, nan, nan, nan, nan, nan, nan, nan, nan, nan, nan, nan, nan, nan, nan, nan, nan, nan, nan, nan, nan, nan, nan, nan, nan, nan, nan, nan, nan, nan, nan, nan, nan, nan, nan, nan, nan, nan, nan, nan, nan, nan, nan, nan, nan], params=[0.12, -1.77, 0.17, 0.14], fit_error=[0.036, 0.118, 0.14, 0.114, 0.125, 0.133, 0.12, 0.131, 0.036])",[-70.  -8.  -4.  -2.   0.   2.   4.   8.  70.],"[0.177, 0.231, 0.278, 0.4, 0.438, 0.538, 0.308, 0.611, 0.854]","[0.17, 0.17, 0.17, 0.17, 0.17, 0.17, 0.17, 0.17, 0.17, 0.17, 0.17, 0.17, 0.17, 0.17, 0.17, 0.171, 0.171, 0.171, 0.171, 0.171, 0.171, 0.172, 0.172, 0.173, 0.173, 0.174, 0.174, 0.175, 0.176, 0.178, 0.179, 0.181, 0.183, 0.186, 0.189, 0.193, 0.197, 0.202, 0.209, 0.216, 0.224, 0.234, 0.246, 0.259, 0.274, 0.292, 0.311, 0.333, 0.357, 0.382, 0.41, 0.439, 0.47, 0.501, 0.532, 0.563, 0.593, 0.622, 0.649, 0.674, 0.697, 0.717, 0.736, 0.752, 0.767, 0.779, 0.79, 0.799, 0.807, 0.814, 0.82, 0.825, 0.829, 0.832, 0.835, 0.838, 0.84, 0.841, 0.843, 0.844, 0.845, 0.846, 0.847, 0.847, 0.848, 0.848, 0.848, 0.849, 0.849, 0.849, 0.849, 0.849, 0.849, 0.85, 0.85, 0.85, 0.85, 0.85, 0.85, 0.85]","[0.036, 0.122, 0.109, 0.112, 0.128, 0.144, 0.133, 0.118, 0.035]","[0.12, -1.77, 0.17, 0.14]",0.12,-1.77,0.17,0.14
2023-10-30,0,247,911,['Bpod0'],702,383,319,459,231,485,315,170,260,222,205,61,144,0.6908831908831908,0.8224543080939948,0.5329153605015674,690,376,314,376,300,76,0.6535947712418301,0.329004329004329,310,155,155,0.33769063180827885,0.670995670995671,0.7028985507246377,0.8377659574468085,0.5414012738853503,0.8123569794050344,-0.2963646835614582,0.6914893617021277,0.7161290322580646,-0.024639670555936855,0.4912995501230796,0.5043431514019749,12,7,5,0.017094017094017096,0.018276762402088774,0.01567398119122257,485,315,170,1212.5,787.5,425.0,0,0,0,0,0.5,0.49999999999999994,"psych_curve(xdata=array([-70.,  -8.,  -4.,  -2.,   0.,   2.,   4.,   8.,  70.]), ydata=[0.111, 0.179, 0.237, 0.278, 0.344, 0.306, 0.325, 0.326, 0.707], fit=[0.102, 0.102, 0.102, 0.103, 0.103, 0.103, 0.103, 0.104, 0.104, 0.105, 0.105, 0.106, 0.106, 0.107, 0.107, 0.108, 0.109, 0.11, 0.111, 0.112, 0.113, 0.115, 0.116, 0.118, 0.12, 0.121, 0.124, 0.126, 0.129, 0.131, 0.134, 0.138, 0.142, 0.146, 0.15, 0.155, 0.16, 0.165, 0.171, 0.178, 0.185, 0.192, 0.2, 0.209, 0.218, 0.228, 0.238, 0.249, 0.261, 0.273, 0.285, 0.298, 0.312, 0.326, 0.34, 0.355, 0.37, 0.385, 0.401, 0.416, 0.431, 0.446, 0.461, 0.476, 0.491, 0.505, 0.519, 0.532, 0.544, 0.557, 0.568, 0.579, 0.59, 0.6, 0.609, 0.618, 0.626, 0.634, 0.641, 0.647, 0.653, 0.659, 0.664, 0.669, 0.674, 0.678, 0.681, 0.685, 0.688, 0.691, 0.693, 0.696, 0.698, 0.7, 0.702, 0.704, 0.705, 0.706, 0.708, 0.709], params=[0.07, 12.89, 0.1, 0.28], fit_error=[0.02, 0.074, 0.07, 0.076, 0.085, 0.078, 0.075, 0.072, 0.034])",[-70.  -8.  -4.  -2.   0.   2.   4.   8.  70.],"[0.111, 0.179, 0.237, 0.278, 0.344, 0.306, 0.325, 0.326, 0.707]","[0.102, 0.102, 0.102, 0.103, 0.103, 0.103, 0.103, 0.104, 0.104, 0.105, 0.105, 0.106, 0.106, 0.107, 0.107, 0.108, 0.109, 0.11, 0.111, 0.112, 0.113, 0.115, 0.116, 0.118, 0.12, 0.121, 0.124, 0.126, 0.129, 0.131, 0.134, 0.138, 0.142, 0.146, 0.15, 0.155, 0.16, 0.165, 0.171, 0.178, 0.185, 0.192, 0.2, 0.209, 0.218, 0.228, 0.238, 0.249, 0.261, 0.273, 0.285, 0.298, 0.312, 0.326, 0.34, 0.355, 0.37, 0.385, 0.401, 0.416, 0.431, 0.446, 0.461, 0.476, 0.491, 0.505, 0.519, 0.532, 0.544, 0.557, 0.568, 0.579, 0.59, 0.6, 0.609, 0.618, 0.626, 0.634, 0.641, 0.647, 0.653, 0.659, 0.664, 0.669, 0.674, 0.678, 0.681, 0.685, 0.688, 0.691, 0.693, 0.696, 0.698, 0.7, 0.702, 0.704, 0.705, 0.706, 0.708, 0.709]","[0.02, 0.074, 0.07, 0.076, 0.085, 0.078, 0.075, 0.072, 0.034]","[0.07, 12.89, 0.1, 0.28]",0.07,12.89,0.1,0.28,"psych_curve(xdata=array([-70.,  -8.,  -4.,  -2.,   0.,   2.,   4.,   8.,  70.]), ydata=[0.198, 0.5, 0.615, 0.528, 0.781, 0.556, 0.692, 0.548, 0.824], fit=[nan, nan, nan, nan, nan, nan, nan, nan, nan, nan, nan, nan, nan, nan, nan, nan, nan, nan, nan, nan, nan, nan, nan, nan, nan, nan, nan, nan, nan, nan, nan, nan, nan, nan, nan, nan, nan, nan, nan, nan, nan, nan, nan, nan, nan, nan, nan, nan, nan, nan, nan, nan, nan, nan, nan, nan, nan, nan, nan, nan, nan, nan, nan, nan, nan, nan, nan, nan, nan, nan, nan, nan, nan, nan, nan, nan, nan, nan, nan, nan, nan, nan, nan, nan, nan, nan, nan, nan, nan, nan, nan, nan, nan, nan, nan, nan, nan, nan, nan, nan], params=[0.0, -28.63, -5.16, -5.06], fit_error=[0.027, 0.08, 0.079, 0.084, 0.074, 0.084, 0.075, 0.091, 0.026])",[-70.  -8.  -4.  -2.   0.   2.   4.   8.  70.],"[0.111, 0.179, 0.237, 0.278, 0.344, 0.306, 0.325, 0.326, 0.707]","[0.102, 0.102, 0.102, 0.103, 0.103, 0.103, 0.103, 0.104, 0.104, 0.105, 0.105, 0.106, 0.106, 0.107, 0.107, 0.108, 0.109, 0.11, 0.111, 0.112, 0.113, 0.115, 0.116, 0.118, 0.12, 0.121, 0.124, 0.126, 0.129, 0.131, 0.134, 0.138, 0.142, 0.146, 0.15, 0.155, 0.16, 0.165, 0.171, 0.178, 0.185, 0.192, 0.2, 0.209, 0.218, 0.228, 0.238, 0.249, 0.261, 0.273, 0.285, 0.298, 0.312, 0.326, 0.34, 0.355, 0.37, 0.385, 0.401, 0.416, 0.431, 0.446, 0.461, 0.476, 0.491, 0.505, 0.519, 0.532, 0.544, 0.557, 0.568, 0.579, 0.59, 0.6, 0.609, 0.618, 0.626, 0.634, 0.641, 0.647, 0.653, 0.659, 0.664, 0.669, 0.674, 0.678, 0.681, 0.685, 0.688, 0.691, 0.693, 0.696, 0.698, 0.7, 0.702, 0.704, 0.705, 0.706, 0.708, 0.709]","[0.02, 0.074, 0.07, 0.076, 0.085, 0.078, 0.075, 0.072, 0.034]","[0.0, -28.63, -5.16, -5.06]",0.0,-28.63,-5.16,-5.06
