Dates,DoW,Subject,Board,Trials,TrialsLeft,TrialsRight,ChoseLeft,ChoseRight,Hits,HitsLeft,HitsRight,HitsRep,HitsAlt,Errors,ErrorsLeft,ErrorsRight,Performance,PerformanceLeft,PerformanceRight,Responses,ResponsesLeft,ResponsesRight,Repetitions,RepsLeft,RepsRight,RepRateLeft,RepRateRight,Alternations,AltsLeft,AltsRight,AltRateLeft,AltRateRight,Accuracy,AccuracyLeft,AccuracyRight,AccMaxEvi,LateralBias,AccuracyRep,AccuracyAlt,RepBias,CorrRepBias,CorrAltBias,Misses,MissesLeft,MissesRight,MissRate,MissRateLeft,MissRateRight,Rewards,RewardsLeft,RewardsRight,Water,WaterLeft,WaterRight,Stage,SoundsMismatch,NoSound,MessageCount,VarDelay,PCRight,xPCRight,yPCRight,FitPCRight,FitErrorPCRight,ParamsPCRight,SensitivityPCRight,BiasPCRight,LapseRight,LapseLeft,PCRep,xPCRep,yPCRep,FitPCRep,FitErrorPCRep,ParamsPCRep,SensitivityPCRep,BiasPCRep,LapseRep,LapseAlt
2023-03-06,0,562,['Bpod2'],495,262,233,140,284,211,52,159,129,53,213,169,44,0.4262626262626263,0.1984732824427481,0.6824034334763949,424,221,203,245,56,189,0.4,0.6654929577464789,127,61,66,0.4357142857142857,0.2323943661971831,0.49764150943396224,0.23529411764705882,0.7832512315270936,0.49764150943396224,0.5479571138800348,0.5265306122448979,0.41732283464566927,0.10920777759922867,0.5327464788732394,0.3340543259557344,71,41,30,0.14343434343434344,0.15648854961832062,0.12875536480686695,313,125,188,782.5,312.5,470.0,0,0,0,3,,"psych_curve(xdata=array([-70.,  70.]), ydata=[0.434, 0.926], fit=[0.43, 0.43, 0.43, 0.43, 0.43, 0.43, 0.43, 0.43, 0.43, 0.43, 0.43, 0.43, 0.43, 0.43, 0.43, 0.43, 0.43, 0.43, 0.43, 0.43, 0.43, 0.43, 0.43, 0.43, 0.43, 0.43, 0.43, 0.43, 0.43, 0.43, 0.43, 0.43, 0.43, 0.43, 0.43, 0.43, 0.43, 0.43, 0.43, 0.43, 0.43, 0.43, 0.43, 0.43, 0.43, 0.43, 0.431, 0.435, 0.451, 0.507, 0.644, 0.807, 0.893, 0.921, 0.928, 0.929, 0.93, 0.93, 0.93, 0.93, 0.93, 0.93, 0.93, 0.93, 0.93, 0.93, 0.93, 0.93, 0.93, 0.93, 0.93, 0.93, 0.93, 0.93, 0.93, 0.93, 0.93, 0.93, 0.93, 0.93, 0.93, 0.93, 0.93, 0.93, 0.93, 0.93, 0.93, 0.93, 0.93, 0.93, 0.93, 0.93, 0.93, 0.93, 0.93, 0.93, 0.93, 0.93, 0.93, 0.93], params=[1.0, 1.0, 0.43, 0.07], fit_error=[0.033, 0.018])",[-70.  70.],"[0.434, 0.926]","[0.43, 0.43, 0.43, 0.43, 0.43, 0.43, 0.43, 0.43, 0.43, 0.43, 0.43, 0.43, 0.43, 0.43, 0.43, 0.43, 0.43, 0.43, 0.43, 0.43, 0.43, 0.43, 0.43, 0.43, 0.43, 0.43, 0.43, 0.43, 0.43, 0.43, 0.43, 0.43, 0.43, 0.43, 0.43, 0.43, 0.43, 0.43, 0.43, 0.43, 0.43, 0.43, 0.43, 0.43, 0.43, 0.43, 0.431, 0.435, 0.451, 0.507, 0.644, 0.807, 0.893, 0.921, 0.928, 0.929, 0.93, 0.93, 0.93, 0.93, 0.93, 0.93, 0.93, 0.93, 0.93, 0.93, 0.93, 0.93, 0.93, 0.93, 0.93, 0.93, 0.93, 0.93, 0.93, 0.93, 0.93, 0.93, 0.93, 0.93, 0.93, 0.93, 0.93, 0.93, 0.93, 0.93, 0.93, 0.93, 0.93, 0.93, 0.93, 0.93, 0.93, 0.93, 0.93, 0.93, 0.93, 0.93, 0.93, 0.93]","[0.033, 0.018]","[1.0, 1.0, 0.43, 0.07]",1.0,1.0,0.43,0.07,"psych_curve(xdata=array([-70.,  70.]), ydata=[0.44, 0.939], fit=[nan, nan, nan, nan, nan, nan, nan, nan, nan, nan, nan, nan, nan, nan, nan, nan, nan, nan, nan, nan, nan, nan, nan, nan, nan, nan, nan, nan, nan, nan, nan, nan, nan, nan, nan, nan, nan, nan, nan, nan, nan, nan, nan, nan, nan, nan, nan, nan, nan, nan, nan, nan, nan, nan, nan, nan, nan, nan, nan, nan, nan, nan, nan, nan, nan, nan, nan, nan, nan, nan, nan, nan, nan, nan, nan, nan, nan, nan, nan, nan, nan, nan, nan, nan, nan, nan, nan, nan, nan, nan, nan, nan, nan, nan, nan, nan, nan, nan, nan, nan], params=[1.0, 1.0, 0.44, 0.06], fit_error=[0.034, 0.019])",[-70.  70.],"[0.434, 0.926]","[0.43, 0.43, 0.43, 0.43, 0.43, 0.43, 0.43, 0.43, 0.43, 0.43, 0.43, 0.43, 0.43, 0.43, 0.43, 0.43, 0.43, 0.43, 0.43, 0.43, 0.43, 0.43, 0.43, 0.43, 0.43, 0.43, 0.43, 0.43, 0.43, 0.43, 0.43, 0.43, 0.43, 0.43, 0.43, 0.43, 0.43, 0.43, 0.43, 0.43, 0.43, 0.43, 0.43, 0.43, 0.43, 0.43, 0.431, 0.435, 0.451, 0.507, 0.644, 0.807, 0.893, 0.921, 0.928, 0.929, 0.93, 0.93, 0.93, 0.93, 0.93, 0.93, 0.93, 0.93, 0.93, 0.93, 0.93, 0.93, 0.93, 0.93, 0.93, 0.93, 0.93, 0.93, 0.93, 0.93, 0.93, 0.93, 0.93, 0.93, 0.93, 0.93, 0.93, 0.93, 0.93, 0.93, 0.93, 0.93, 0.93, 0.93, 0.93, 0.93, 0.93, 0.93, 0.93, 0.93, 0.93, 0.93, 0.93, 0.93]","[0.033, 0.018]","[1.0, 1.0, 0.44, 0.06]",1.0,1.0,0.44,0.06
2023-03-07,1,562,['Bpod2'],684,360,324,392,282,379,249,130,270,106,295,108,187,0.554093567251462,0.6916666666666667,0.4012345679012346,674,357,317,409,260,149,0.6632653061224489,0.5283687943262412,258,129,129,0.32908163265306123,0.4574468085106383,0.5623145400593472,0.6974789915966386,0.41009463722397477,0.5623145400593472,-0.28738435437266385,0.6601466992665037,0.4108527131782946,0.24929398608820913,0.5958170502243451,0.39326422058184973,10,3,7,0.014619883040935672,0.008333333333333333,0.021604938271604937,553,314,239,1382.5,785.0,597.5,0,0,0,1,,"psych_curve(xdata=array([-70.,  70.]), ydata=[0.12, 0.754], fit=[0.12, 0.12, 0.12, 0.12, 0.12, 0.12, 0.12, 0.12, 0.12, 0.12, 0.12, 0.12, 0.12, 0.12, 0.12, 0.12, 0.12, 0.12, 0.12, 0.12, 0.12, 0.12, 0.12, 0.12, 0.12, 0.12, 0.12, 0.12, 0.12, 0.12, 0.12, 0.12, 0.12, 0.12, 0.12, 0.12, 0.12, 0.12, 0.12, 0.12, 0.12, 0.12, 0.12, 0.12, 0.12, 0.12, 0.122, 0.127, 0.147, 0.217, 0.389, 0.595, 0.704, 0.738, 0.747, 0.749, 0.75, 0.75, 0.75, 0.75, 0.75, 0.75, 0.75, 0.75, 0.75, 0.75, 0.75, 0.75, 0.75, 0.75, 0.75, 0.75, 0.75, 0.75, 0.75, 0.75, 0.75, 0.75, 0.75, 0.75, 0.75, 0.75, 0.75, 0.75, 0.75, 0.75, 0.75, 0.75, 0.75, 0.75, 0.75, 0.75, 0.75, 0.75, 0.75, 0.75, 0.75, 0.75, 0.75, 0.75], params=[1.0, 1.0, 0.12, 0.25], fit_error=[0.017, 0.024])",[-70.  70.],"[0.12, 0.754]","[0.12, 0.12, 0.12, 0.12, 0.12, 0.12, 0.12, 0.12, 0.12, 0.12, 0.12, 0.12, 0.12, 0.12, 0.12, 0.12, 0.12, 0.12, 0.12, 0.12, 0.12, 0.12, 0.12, 0.12, 0.12, 0.12, 0.12, 0.12, 0.12, 0.12, 0.12, 0.12, 0.12, 0.12, 0.12, 0.12, 0.12, 0.12, 0.12, 0.12, 0.12, 0.12, 0.12, 0.12, 0.12, 0.12, 0.122, 0.127, 0.147, 0.217, 0.389, 0.595, 0.704, 0.738, 0.747, 0.749, 0.75, 0.75, 0.75, 0.75, 0.75, 0.75, 0.75, 0.75, 0.75, 0.75, 0.75, 0.75, 0.75, 0.75, 0.75, 0.75, 0.75, 0.75, 0.75, 0.75, 0.75, 0.75, 0.75, 0.75, 0.75, 0.75, 0.75, 0.75, 0.75, 0.75, 0.75, 0.75, 0.75, 0.75, 0.75, 0.75, 0.75, 0.75, 0.75, 0.75, 0.75, 0.75, 0.75, 0.75]","[0.017, 0.024]","[1.0, 1.0, 0.12, 0.25]",1.0,1.0,0.12,0.25,"psych_curve(xdata=array([-70.,  70.]), ydata=[0.292, 0.94], fit=[nan, nan, nan, nan, nan, nan, nan, nan, nan, nan, nan, nan, nan, nan, nan, nan, nan, nan, nan, nan, nan, nan, nan, nan, nan, nan, nan, nan, nan, nan, nan, nan, nan, nan, nan, nan, nan, nan, nan, nan, nan, nan, nan, nan, nan, nan, nan, nan, nan, nan, nan, nan, nan, nan, nan, nan, nan, nan, nan, nan, nan, nan, nan, nan, nan, nan, nan, nan, nan, nan, nan, nan, nan, nan, nan, nan, nan, nan, nan, nan, nan, nan, nan, nan, nan, nan, nan, nan, nan, nan, nan, nan, nan, nan, nan, nan, nan, nan, nan, nan], params=[1.0, 1.0, 0.29, 0.06], fit_error=[0.025, 0.013])",[-70.  70.],"[0.12, 0.754]","[0.12, 0.12, 0.12, 0.12, 0.12, 0.12, 0.12, 0.12, 0.12, 0.12, 0.12, 0.12, 0.12, 0.12, 0.12, 0.12, 0.12, 0.12, 0.12, 0.12, 0.12, 0.12, 0.12, 0.12, 0.12, 0.12, 0.12, 0.12, 0.12, 0.12, 0.12, 0.12, 0.12, 0.12, 0.12, 0.12, 0.12, 0.12, 0.12, 0.12, 0.12, 0.12, 0.12, 0.12, 0.12, 0.12, 0.122, 0.127, 0.147, 0.217, 0.389, 0.595, 0.704, 0.738, 0.747, 0.749, 0.75, 0.75, 0.75, 0.75, 0.75, 0.75, 0.75, 0.75, 0.75, 0.75, 0.75, 0.75, 0.75, 0.75, 0.75, 0.75, 0.75, 0.75, 0.75, 0.75, 0.75, 0.75, 0.75, 0.75, 0.75, 0.75, 0.75, 0.75, 0.75, 0.75, 0.75, 0.75, 0.75, 0.75, 0.75, 0.75, 0.75, 0.75, 0.75, 0.75, 0.75, 0.75, 0.75, 0.75]","[0.017, 0.024]","[1.0, 1.0, 0.29, 0.06]",1.0,1.0,0.29,0.06
2023-03-08,2,562,['Bpod2'],609,297,312,264,317,358,157,201,308,44,223,116,107,0.5878489326765188,0.5286195286195287,0.6442307692307693,581,273,308,494,228,266,0.8636363636363636,0.8391167192429022,65,30,35,0.11363636363636363,0.11041009463722397,0.6161790017211703,0.575091575091575,0.6525974025974026,0.6161790017211703,0.07750582750582757,0.6234817813765182,0.676923076923077,-0.05344129554655874,0.8513765414396329,0.1120232291367938,28,24,4,0.04597701149425287,0.08080808080808081,0.01282051282051282,358,157,201,895.0,392.5,502.5,0,0,0,2,,"psych_curve(xdata=array([-70.,  70.]), ydata=[0.425, 0.653], fit=[0.42, 0.42, 0.42, 0.42, 0.42, 0.42, 0.42, 0.42, 0.42, 0.42, 0.42, 0.42, 0.42, 0.42, 0.42, 0.42, 0.42, 0.42, 0.42, 0.42, 0.42, 0.42, 0.42, 0.42, 0.42, 0.42, 0.42, 0.42, 0.42, 0.42, 0.42, 0.42, 0.42, 0.42, 0.42, 0.42, 0.42, 0.42, 0.42, 0.42, 0.42, 0.42, 0.42, 0.42, 0.42, 0.42, 0.421, 0.422, 0.43, 0.455, 0.518, 0.593, 0.633, 0.646, 0.649, 0.65, 0.65, 0.65, 0.65, 0.65, 0.65, 0.65, 0.65, 0.65, 0.65, 0.65, 0.65, 0.65, 0.65, 0.65, 0.65, 0.65, 0.65, 0.65, 0.65, 0.65, 0.65, 0.65, 0.65, 0.65, 0.65, 0.65, 0.65, 0.65, 0.65, 0.65, 0.65, 0.65, 0.65, 0.65, 0.65, 0.65, 0.65, 0.65, 0.65, 0.65, 0.65, 0.65, 0.65, 0.65], params=[1.0, 1.0, 0.42, 0.35], fit_error=[0.03, 0.027])",[-70.  70.],"[0.425, 0.653]","[0.42, 0.42, 0.42, 0.42, 0.42, 0.42, 0.42, 0.42, 0.42, 0.42, 0.42, 0.42, 0.42, 0.42, 0.42, 0.42, 0.42, 0.42, 0.42, 0.42, 0.42, 0.42, 0.42, 0.42, 0.42, 0.42, 0.42, 0.42, 0.42, 0.42, 0.42, 0.42, 0.42, 0.42, 0.42, 0.42, 0.42, 0.42, 0.42, 0.42, 0.42, 0.42, 0.42, 0.42, 0.42, 0.42, 0.421, 0.422, 0.43, 0.455, 0.518, 0.593, 0.633, 0.646, 0.649, 0.65, 0.65, 0.65, 0.65, 0.65, 0.65, 0.65, 0.65, 0.65, 0.65, 0.65, 0.65, 0.65, 0.65, 0.65, 0.65, 0.65, 0.65, 0.65, 0.65, 0.65, 0.65, 0.65, 0.65, 0.65, 0.65, 0.65, 0.65, 0.65, 0.65, 0.65, 0.65, 0.65, 0.65, 0.65, 0.65, 0.65, 0.65, 0.65, 0.65, 0.65, 0.65, 0.65, 0.65, 0.65]","[0.03, 0.027]","[1.0, 1.0, 0.42, 0.35]",1.0,1.0,0.42,0.35,"psych_curve(xdata=array([-70.,  70.]), ydata=[0.809, 0.936], fit=[nan, nan, nan, nan, nan, nan, nan, nan, nan, nan, nan, nan, nan, nan, nan, nan, nan, nan, nan, nan, nan, nan, nan, nan, nan, nan, nan, nan, nan, nan, nan, nan, nan, nan, nan, nan, nan, nan, nan, nan, nan, nan, nan, nan, nan, nan, nan, nan, nan, nan, nan, nan, nan, nan, nan, nan, nan, nan, nan, nan, nan, nan, nan, nan, nan, nan, nan, nan, nan, nan, nan, nan, nan, nan, nan, nan, nan, nan, nan, nan, nan, nan, nan, nan, nan, nan, nan, nan, nan, nan, nan, nan, nan, nan, nan, nan, nan, nan, nan, nan], params=[1.0, 1.0, 0.81, 0.06], fit_error=[0.026, 0.013])",[-70.  70.],"[0.425, 0.653]","[0.42, 0.42, 0.42, 0.42, 0.42, 0.42, 0.42, 0.42, 0.42, 0.42, 0.42, 0.42, 0.42, 0.42, 0.42, 0.42, 0.42, 0.42, 0.42, 0.42, 0.42, 0.42, 0.42, 0.42, 0.42, 0.42, 0.42, 0.42, 0.42, 0.42, 0.42, 0.42, 0.42, 0.42, 0.42, 0.42, 0.42, 0.42, 0.42, 0.42, 0.42, 0.42, 0.42, 0.42, 0.42, 0.42, 0.421, 0.422, 0.43, 0.455, 0.518, 0.593, 0.633, 0.646, 0.649, 0.65, 0.65, 0.65, 0.65, 0.65, 0.65, 0.65, 0.65, 0.65, 0.65, 0.65, 0.65, 0.65, 0.65, 0.65, 0.65, 0.65, 0.65, 0.65, 0.65, 0.65, 0.65, 0.65, 0.65, 0.65, 0.65, 0.65, 0.65, 0.65, 0.65, 0.65, 0.65, 0.65, 0.65, 0.65, 0.65, 0.65, 0.65, 0.65, 0.65, 0.65, 0.65, 0.65, 0.65, 0.65]","[0.03, 0.027]","[1.0, 1.0, 0.81, 0.06]",1.0,1.0,0.81,0.06
2023-03-09,3,562,['Bpod2'],496,246,250,218,273,315,119,196,262,48,176,126,50,0.6350806451612904,0.483739837398374,0.784,491,245,246,342,144,198,0.6605504587155964,0.7252747252747253,143,71,72,0.3256880733944954,0.26373626373626374,0.6415478615071283,0.4857142857142857,0.7967479674796748,0.6415478615071283,0.3110336817653891,0.7660818713450293,0.3356643356643357,0.4304175356806936,0.6929125919951609,0.2947121685653796,5,1,4,0.010080645161290322,0.0040650406504065045,0.016,442,207,235,1105.0,517.5,587.5,0,0,0,1,,"psych_curve(xdata=array([-70.,  70.]), ydata=[0.155, 0.955], fit=[0.15, 0.15, 0.15, 0.15, 0.15, 0.15, 0.15, 0.15, 0.15, 0.15, 0.15, 0.15, 0.15, 0.15, 0.15, 0.15, 0.15, 0.15, 0.15, 0.15, 0.15, 0.15, 0.15, 0.15, 0.15, 0.15, 0.15, 0.15, 0.15, 0.15, 0.15, 0.15, 0.15, 0.15, 0.15, 0.15, 0.15, 0.15, 0.15, 0.15, 0.15, 0.15, 0.15, 0.15, 0.15, 0.151, 0.152, 0.159, 0.184, 0.274, 0.496, 0.761, 0.901, 0.945, 0.956, 0.959, 0.96, 0.96, 0.96, 0.96, 0.96, 0.96, 0.96, 0.96, 0.96, 0.96, 0.96, 0.96, 0.96, 0.96, 0.96, 0.96, 0.96, 0.96, 0.96, 0.96, 0.96, 0.96, 0.96, 0.96, 0.96, 0.96, 0.96, 0.96, 0.96, 0.96, 0.96, 0.96, 0.96, 0.96, 0.96, 0.96, 0.96, 0.96, 0.96, 0.96, 0.96, 0.96, 0.96, 0.96], params=[1.0, 1.0, 0.15, 0.04], fit_error=[0.023, 0.013])",[-70.  70.],"[0.155, 0.955]","[0.15, 0.15, 0.15, 0.15, 0.15, 0.15, 0.15, 0.15, 0.15, 0.15, 0.15, 0.15, 0.15, 0.15, 0.15, 0.15, 0.15, 0.15, 0.15, 0.15, 0.15, 0.15, 0.15, 0.15, 0.15, 0.15, 0.15, 0.15, 0.15, 0.15, 0.15, 0.15, 0.15, 0.15, 0.15, 0.15, 0.15, 0.15, 0.15, 0.15, 0.15, 0.15, 0.15, 0.15, 0.15, 0.151, 0.152, 0.159, 0.184, 0.274, 0.496, 0.761, 0.901, 0.945, 0.956, 0.959, 0.96, 0.96, 0.96, 0.96, 0.96, 0.96, 0.96, 0.96, 0.96, 0.96, 0.96, 0.96, 0.96, 0.96, 0.96, 0.96, 0.96, 0.96, 0.96, 0.96, 0.96, 0.96, 0.96, 0.96, 0.96, 0.96, 0.96, 0.96, 0.96, 0.96, 0.96, 0.96, 0.96, 0.96, 0.96, 0.96, 0.96, 0.96, 0.96, 0.96, 0.96, 0.96, 0.96, 0.96]","[0.023, 0.013]","[1.0, 1.0, 0.15, 0.04]",1.0,1.0,0.15,0.04,"psych_curve(xdata=array([-70.,  70.]), ydata=[0.22, 0.962], fit=[nan, nan, nan, nan, nan, nan, nan, nan, nan, nan, nan, nan, nan, nan, nan, nan, nan, nan, nan, nan, nan, nan, nan, nan, nan, nan, nan, nan, nan, nan, nan, nan, nan, nan, nan, nan, nan, nan, nan, nan, nan, nan, nan, nan, nan, nan, nan, nan, nan, nan, nan, nan, nan, nan, nan, nan, nan, nan, nan, nan, nan, nan, nan, nan, nan, nan, nan, nan, nan, nan, nan, nan, nan, nan, nan, nan, nan, nan, nan, nan, nan, nan, nan, nan, nan, nan, nan, nan, nan, nan, nan, nan, nan, nan, nan, nan, nan, nan, nan, nan], params=[1.0, 1.0, 0.22, 0.04], fit_error=[0.032, 0.011])",[-70.  70.],"[0.155, 0.955]","[0.15, 0.15, 0.15, 0.15, 0.15, 0.15, 0.15, 0.15, 0.15, 0.15, 0.15, 0.15, 0.15, 0.15, 0.15, 0.15, 0.15, 0.15, 0.15, 0.15, 0.15, 0.15, 0.15, 0.15, 0.15, 0.15, 0.15, 0.15, 0.15, 0.15, 0.15, 0.15, 0.15, 0.15, 0.15, 0.15, 0.15, 0.15, 0.15, 0.15, 0.15, 0.15, 0.15, 0.15, 0.15, 0.151, 0.152, 0.159, 0.184, 0.274, 0.496, 0.761, 0.901, 0.945, 0.956, 0.959, 0.96, 0.96, 0.96, 0.96, 0.96, 0.96, 0.96, 0.96, 0.96, 0.96, 0.96, 0.96, 0.96, 0.96, 0.96, 0.96, 0.96, 0.96, 0.96, 0.96, 0.96, 0.96, 0.96, 0.96, 0.96, 0.96, 0.96, 0.96, 0.96, 0.96, 0.96, 0.96, 0.96, 0.96, 0.96, 0.96, 0.96, 0.96, 0.96, 0.96, 0.96, 0.96, 0.96, 0.96]","[0.023, 0.013]","[1.0, 1.0, 0.22, 0.04]",1.0,1.0,0.22,0.04
2023-03-10,4,562,['Bpod2'],587,290,297,248,321,455,192,263,397,49,114,87,27,0.7751277683134583,0.6620689655172414,0.8855218855218855,569,279,290,456,194,262,0.782258064516129,0.8161993769470405,95,49,46,0.1975806451612903,0.14330218068535824,0.7996485061511424,0.6881720430107527,0.906896551724138,0.7996485061511424,0.21872450871338522,0.8706140350877193,0.5157894736842106,0.3548245614035087,0.7992287207315847,0.17044141292332426,18,11,7,0.030664395229982964,0.03793103448275862,0.02356902356902357,504,231,273,1260.0,577.5,682.5,0,0,0,1,,"psych_curve(xdata=array([-70.,  70.]), ydata=[0.172, 0.941], fit=[0.17, 0.17, 0.17, 0.17, 0.17, 0.17, 0.17, 0.17, 0.17, 0.17, 0.17, 0.17, 0.17, 0.17, 0.17, 0.17, 0.17, 0.17, 0.17, 0.17, 0.17, 0.17, 0.17, 0.17, 0.17, 0.17, 0.17, 0.17, 0.17, 0.17, 0.17, 0.17, 0.17, 0.17, 0.17, 0.17, 0.17, 0.17, 0.17, 0.17, 0.17, 0.17, 0.17, 0.17, 0.17, 0.17, 0.172, 0.178, 0.203, 0.288, 0.499, 0.751, 0.883, 0.925, 0.936, 0.939, 0.94, 0.94, 0.94, 0.94, 0.94, 0.94, 0.94, 0.94, 0.94, 0.94, 0.94, 0.94, 0.94, 0.94, 0.94, 0.94, 0.94, 0.94, 0.94, 0.94, 0.94, 0.94, 0.94, 0.94, 0.94, 0.94, 0.94, 0.94, 0.94, 0.94, 0.94, 0.94, 0.94, 0.94, 0.94, 0.94, 0.94, 0.94, 0.94, 0.94, 0.94, 0.94, 0.94, 0.94], params=[1.0, 1.0, 0.17, 0.06], fit_error=[0.023, 0.014])",[-70.  70.],"[0.172, 0.941]","[0.17, 0.17, 0.17, 0.17, 0.17, 0.17, 0.17, 0.17, 0.17, 0.17, 0.17, 0.17, 0.17, 0.17, 0.17, 0.17, 0.17, 0.17, 0.17, 0.17, 0.17, 0.17, 0.17, 0.17, 0.17, 0.17, 0.17, 0.17, 0.17, 0.17, 0.17, 0.17, 0.17, 0.17, 0.17, 0.17, 0.17, 0.17, 0.17, 0.17, 0.17, 0.17, 0.17, 0.17, 0.17, 0.17, 0.172, 0.178, 0.203, 0.288, 0.499, 0.751, 0.883, 0.925, 0.936, 0.939, 0.94, 0.94, 0.94, 0.94, 0.94, 0.94, 0.94, 0.94, 0.94, 0.94, 0.94, 0.94, 0.94, 0.94, 0.94, 0.94, 0.94, 0.94, 0.94, 0.94, 0.94, 0.94, 0.94, 0.94, 0.94, 0.94, 0.94, 0.94, 0.94, 0.94, 0.94, 0.94, 0.94, 0.94, 0.94, 0.94, 0.94, 0.94, 0.94, 0.94, 0.94, 0.94, 0.94, 0.94]","[0.023, 0.014]","[1.0, 1.0, 0.17, 0.06]",1.0,1.0,0.17,0.06,"psych_curve(xdata=array([-70.,  70.]), ydata=[0.313, 0.94], fit=[nan, nan, nan, nan, nan, nan, nan, nan, nan, nan, nan, nan, nan, nan, nan, nan, nan, nan, nan, nan, nan, nan, nan, nan, nan, nan, nan, nan, nan, nan, nan, nan, nan, nan, nan, nan, nan, nan, nan, nan, nan, nan, nan, nan, nan, nan, nan, nan, nan, nan, nan, nan, nan, nan, nan, nan, nan, nan, nan, nan, nan, nan, nan, nan, nan, nan, nan, nan, nan, nan, nan, nan, nan, nan, nan, nan, nan, nan, nan, nan, nan, nan, nan, nan, nan, nan, nan, nan, nan, nan, nan, nan, nan, nan, nan, nan, nan, nan, nan, nan], params=[1.0, 1.0, 0.31, 0.06], fit_error=[0.047, 0.011])",[-70.  70.],"[0.172, 0.941]","[0.17, 0.17, 0.17, 0.17, 0.17, 0.17, 0.17, 0.17, 0.17, 0.17, 0.17, 0.17, 0.17, 0.17, 0.17, 0.17, 0.17, 0.17, 0.17, 0.17, 0.17, 0.17, 0.17, 0.17, 0.17, 0.17, 0.17, 0.17, 0.17, 0.17, 0.17, 0.17, 0.17, 0.17, 0.17, 0.17, 0.17, 0.17, 0.17, 0.17, 0.17, 0.17, 0.17, 0.17, 0.17, 0.17, 0.172, 0.178, 0.203, 0.288, 0.499, 0.751, 0.883, 0.925, 0.936, 0.939, 0.94, 0.94, 0.94, 0.94, 0.94, 0.94, 0.94, 0.94, 0.94, 0.94, 0.94, 0.94, 0.94, 0.94, 0.94, 0.94, 0.94, 0.94, 0.94, 0.94, 0.94, 0.94, 0.94, 0.94, 0.94, 0.94, 0.94, 0.94, 0.94, 0.94, 0.94, 0.94, 0.94, 0.94, 0.94, 0.94, 0.94, 0.94, 0.94, 0.94, 0.94, 0.94, 0.94, 0.94]","[0.023, 0.014]","[1.0, 1.0, 0.31, 0.06]",1.0,1.0,0.31,0.06
2023-03-13,0,562,['Bpod2'],886,451,435,440,433,541,267,274,337,193,332,177,155,0.6106094808126411,0.5920177383592018,0.6298850574712643,873,444,429,431,219,212,0.49772727272727274,0.4896073903002309,428,213,215,0.48409090909090907,0.49653579676674364,0.6197021764032073,0.6013513513513513,0.6386946386946387,0.6197021764032073,0.0373432873432874,0.7819025522041764,0.45093457943925236,0.330967972764924,0.49366733151375186,0.4903133529288264,13,7,6,0.014672686230248307,0.015521064301552107,0.013793103448275862,855,433,422,2137.5,1082.5,1055.0,0,0,0,1,,"psych_curve(xdata=array([-70.,  70.]), ydata=[0.025, 0.984], fit=[0.02, 0.02, 0.02, 0.02, 0.02, 0.02, 0.02, 0.02, 0.02, 0.02, 0.02, 0.02, 0.02, 0.02, 0.02, 0.02, 0.02, 0.02, 0.02, 0.02, 0.02, 0.02, 0.02, 0.02, 0.02, 0.02, 0.02, 0.02, 0.02, 0.02, 0.02, 0.02, 0.02, 0.02, 0.02, 0.02, 0.02, 0.02, 0.02, 0.02, 0.02, 0.02, 0.02, 0.02, 0.02, 0.021, 0.022, 0.03, 0.061, 0.167, 0.43, 0.744, 0.91, 0.962, 0.976, 0.979, 0.98, 0.98, 0.98, 0.98, 0.98, 0.98, 0.98, 0.98, 0.98, 0.98, 0.98, 0.98, 0.98, 0.98, 0.98, 0.98, 0.98, 0.98, 0.98, 0.98, 0.98, 0.98, 0.98, 0.98, 0.98, 0.98, 0.98, 0.98, 0.98, 0.98, 0.98, 0.98, 0.98, 0.98, 0.98, 0.98, 0.98, 0.98, 0.98, 0.98, 0.98, 0.98, 0.98, 0.98], params=[1.0, 1.0, 0.02, 0.02], fit_error=[0.007, 0.006])",[-70.  70.],"[0.025, 0.984]","[0.02, 0.02, 0.02, 0.02, 0.02, 0.02, 0.02, 0.02, 0.02, 0.02, 0.02, 0.02, 0.02, 0.02, 0.02, 0.02, 0.02, 0.02, 0.02, 0.02, 0.02, 0.02, 0.02, 0.02, 0.02, 0.02, 0.02, 0.02, 0.02, 0.02, 0.02, 0.02, 0.02, 0.02, 0.02, 0.02, 0.02, 0.02, 0.02, 0.02, 0.02, 0.02, 0.02, 0.02, 0.02, 0.021, 0.022, 0.03, 0.061, 0.167, 0.43, 0.744, 0.91, 0.962, 0.976, 0.979, 0.98, 0.98, 0.98, 0.98, 0.98, 0.98, 0.98, 0.98, 0.98, 0.98, 0.98, 0.98, 0.98, 0.98, 0.98, 0.98, 0.98, 0.98, 0.98, 0.98, 0.98, 0.98, 0.98, 0.98, 0.98, 0.98, 0.98, 0.98, 0.98, 0.98, 0.98, 0.98, 0.98, 0.98, 0.98, 0.98, 0.98, 0.98, 0.98, 0.98, 0.98, 0.98, 0.98, 0.98]","[0.007, 0.006]","[1.0, 1.0, 0.02, 0.02]",1.0,1.0,0.02,0.02,"psych_curve(xdata=array([-70.,  70.]), ydata=[0.036, 0.995], fit=[nan, nan, nan, nan, nan, nan, nan, nan, nan, nan, nan, nan, nan, nan, nan, nan, nan, nan, nan, nan, nan, nan, nan, nan, nan, nan, nan, nan, nan, nan, nan, nan, nan, nan, nan, nan, nan, nan, nan, nan, nan, nan, nan, nan, nan, nan, nan, nan, nan, nan, nan, nan, nan, nan, nan, nan, nan, nan, nan, nan, nan, nan, nan, nan, nan, nan, nan, nan, nan, nan, nan, nan, nan, nan, nan, nan, nan, nan, nan, nan, nan, nan, nan, nan, nan, nan, nan, nan, nan, nan, nan, nan, nan, nan, nan, nan, nan, nan, nan, nan], params=[1.0, 1.0, 0.04, 0.0], fit_error=[0.009, 0.003])",[-70.  70.],"[0.025, 0.984]","[0.02, 0.02, 0.02, 0.02, 0.02, 0.02, 0.02, 0.02, 0.02, 0.02, 0.02, 0.02, 0.02, 0.02, 0.02, 0.02, 0.02, 0.02, 0.02, 0.02, 0.02, 0.02, 0.02, 0.02, 0.02, 0.02, 0.02, 0.02, 0.02, 0.02, 0.02, 0.02, 0.02, 0.02, 0.02, 0.02, 0.02, 0.02, 0.02, 0.02, 0.02, 0.02, 0.02, 0.02, 0.02, 0.021, 0.022, 0.03, 0.061, 0.167, 0.43, 0.744, 0.91, 0.962, 0.976, 0.979, 0.98, 0.98, 0.98, 0.98, 0.98, 0.98, 0.98, 0.98, 0.98, 0.98, 0.98, 0.98, 0.98, 0.98, 0.98, 0.98, 0.98, 0.98, 0.98, 0.98, 0.98, 0.98, 0.98, 0.98, 0.98, 0.98, 0.98, 0.98, 0.98, 0.98, 0.98, 0.98, 0.98, 0.98, 0.98, 0.98, 0.98, 0.98, 0.98, 0.98, 0.98, 0.98, 0.98, 0.98]","[0.007, 0.006]","[1.0, 1.0, 0.04, 0.0]",1.0,1.0,0.04,0.0
2023-03-14,1,562,['Bpod2'],413,210,203,200,202,296,153,143,180,115,106,51,55,0.7167070217917676,0.7285714285714285,0.7044334975369458,402,204,198,219,110,109,0.55,0.5396039603960396,178,88,90,0.44,0.44554455445544555,0.736318407960199,0.75,0.7222222222222222,0.736318407960199,-0.02777777777777779,0.821917808219178,0.6460674157303371,0.17585039248884093,0.5448019801980198,0.4427722772277228,11,6,5,0.026634382566585957,0.02857142857142857,0.024630541871921183,376,189,187,940.0,472.5,467.5,0,0,0,0,,"psych_curve(xdata=array([-70.,  70.]), ydata=[0.074, 0.944], fit=[0.07, 0.07, 0.07, 0.07, 0.07, 0.07, 0.07, 0.07, 0.07, 0.07, 0.07, 0.07, 0.07, 0.07, 0.07, 0.07, 0.07, 0.07, 0.07, 0.07, 0.07, 0.07, 0.07, 0.07, 0.07, 0.07, 0.07, 0.07, 0.07, 0.07, 0.07, 0.07, 0.07, 0.07, 0.07, 0.07, 0.07, 0.07, 0.07, 0.07, 0.07, 0.07, 0.07, 0.07, 0.07, 0.071, 0.072, 0.079, 0.107, 0.204, 0.442, 0.726, 0.876, 0.924, 0.936, 0.939, 0.94, 0.94, 0.94, 0.94, 0.94, 0.94, 0.94, 0.94, 0.94, 0.94, 0.94, 0.94, 0.94, 0.94, 0.94, 0.94, 0.94, 0.94, 0.94, 0.94, 0.94, 0.94, 0.94, 0.94, 0.94, 0.94, 0.94, 0.94, 0.94, 0.94, 0.94, 0.94, 0.94, 0.94, 0.94, 0.94, 0.94, 0.94, 0.94, 0.94, 0.94, 0.94, 0.94, 0.94], params=[1.0, 1.0, 0.07, 0.06], fit_error=[0.018, 0.016])",[-70.  70.],"[0.074, 0.944]","[0.07, 0.07, 0.07, 0.07, 0.07, 0.07, 0.07, 0.07, 0.07, 0.07, 0.07, 0.07, 0.07, 0.07, 0.07, 0.07, 0.07, 0.07, 0.07, 0.07, 0.07, 0.07, 0.07, 0.07, 0.07, 0.07, 0.07, 0.07, 0.07, 0.07, 0.07, 0.07, 0.07, 0.07, 0.07, 0.07, 0.07, 0.07, 0.07, 0.07, 0.07, 0.07, 0.07, 0.07, 0.07, 0.071, 0.072, 0.079, 0.107, 0.204, 0.442, 0.726, 0.876, 0.924, 0.936, 0.939, 0.94, 0.94, 0.94, 0.94, 0.94, 0.94, 0.94, 0.94, 0.94, 0.94, 0.94, 0.94, 0.94, 0.94, 0.94, 0.94, 0.94, 0.94, 0.94, 0.94, 0.94, 0.94, 0.94, 0.94, 0.94, 0.94, 0.94, 0.94, 0.94, 0.94, 0.94, 0.94, 0.94, 0.94, 0.94, 0.94, 0.94, 0.94, 0.94, 0.94, 0.94, 0.94, 0.94, 0.94]","[0.018, 0.016]","[1.0, 1.0, 0.07, 0.06]",1.0,1.0,0.07,0.06,"psych_curve(xdata=array([-70.,  70.]), ydata=[0.095, 0.971], fit=[nan, nan, nan, nan, nan, nan, nan, nan, nan, nan, nan, nan, nan, nan, nan, nan, nan, nan, nan, nan, nan, nan, nan, nan, nan, nan, nan, nan, nan, nan, nan, nan, nan, nan, nan, nan, nan, nan, nan, nan, nan, nan, nan, nan, nan, nan, nan, nan, nan, nan, nan, nan, nan, nan, nan, nan, nan, nan, nan, nan, nan, nan, nan, nan, nan, nan, nan, nan, nan, nan, nan, nan, nan, nan, nan, nan, nan, nan, nan, nan, nan, nan, nan, nan, nan, nan, nan, nan, nan, nan, nan, nan, nan, nan, nan, nan, nan, nan, nan, nan], params=[1.0, 1.0, 0.09, 0.03], fit_error=[0.021, 0.012])",[-70.  70.],"[0.074, 0.944]","[0.07, 0.07, 0.07, 0.07, 0.07, 0.07, 0.07, 0.07, 0.07, 0.07, 0.07, 0.07, 0.07, 0.07, 0.07, 0.07, 0.07, 0.07, 0.07, 0.07, 0.07, 0.07, 0.07, 0.07, 0.07, 0.07, 0.07, 0.07, 0.07, 0.07, 0.07, 0.07, 0.07, 0.07, 0.07, 0.07, 0.07, 0.07, 0.07, 0.07, 0.07, 0.07, 0.07, 0.07, 0.07, 0.071, 0.072, 0.079, 0.107, 0.204, 0.442, 0.726, 0.876, 0.924, 0.936, 0.939, 0.94, 0.94, 0.94, 0.94, 0.94, 0.94, 0.94, 0.94, 0.94, 0.94, 0.94, 0.94, 0.94, 0.94, 0.94, 0.94, 0.94, 0.94, 0.94, 0.94, 0.94, 0.94, 0.94, 0.94, 0.94, 0.94, 0.94, 0.94, 0.94, 0.94, 0.94, 0.94, 0.94, 0.94, 0.94, 0.94, 0.94, 0.94, 0.94, 0.94, 0.94, 0.94, 0.94, 0.94]","[0.018, 0.016]","[1.0, 1.0, 0.09, 0.03]",1.0,1.0,0.09,0.03
2023-03-15,2,562,['Bpod2'],554,266,288,251,283,356,166,190,209,135,178,93,85,0.6425992779783394,0.6240601503759399,0.6597222222222222,534,259,275,346,161,185,0.6414342629482072,0.6537102473498233,172,84,88,0.3346613545816733,0.31095406360424027,0.6666666666666666,0.640926640926641,0.6909090909090909,0.6666666666666666,0.04998244998244994,0.6040462427745664,0.7848837209302325,-0.1808374781556661,0.6475722551490153,0.32280770909295675,20,7,13,0.036101083032490974,0.02631578947368421,0.04513888888888889,356,166,190,890.0,415.0,475.0,0,0,0,0,,"psych_curve(xdata=array([-70.,  70.]), ydata=[0.359, 0.691], fit=[0.36, 0.36, 0.36, 0.36, 0.36, 0.36, 0.36, 0.36, 0.36, 0.36, 0.36, 0.36, 0.36, 0.36, 0.36, 0.36, 0.36, 0.36, 0.36, 0.36, 0.36, 0.36, 0.36, 0.36, 0.36, 0.36, 0.36, 0.36, 0.36, 0.36, 0.36, 0.36, 0.36, 0.36, 0.36, 0.36, 0.36, 0.36, 0.36, 0.36, 0.36, 0.36, 0.36, 0.36, 0.36, 0.36, 0.361, 0.364, 0.374, 0.411, 0.501, 0.609, 0.666, 0.684, 0.688, 0.69, 0.69, 0.69, 0.69, 0.69, 0.69, 0.69, 0.69, 0.69, 0.69, 0.69, 0.69, 0.69, 0.69, 0.69, 0.69, 0.69, 0.69, 0.69, 0.69, 0.69, 0.69, 0.69, 0.69, 0.69, 0.69, 0.69, 0.69, 0.69, 0.69, 0.69, 0.69, 0.69, 0.69, 0.69, 0.69, 0.69, 0.69, 0.69, 0.69, 0.69, 0.69, 0.69, 0.69, 0.69], params=[1.0, 1.0, 0.36, 0.31], fit_error=[0.03, 0.028])",[-70.  70.],"[0.359, 0.691]","[0.36, 0.36, 0.36, 0.36, 0.36, 0.36, 0.36, 0.36, 0.36, 0.36, 0.36, 0.36, 0.36, 0.36, 0.36, 0.36, 0.36, 0.36, 0.36, 0.36, 0.36, 0.36, 0.36, 0.36, 0.36, 0.36, 0.36, 0.36, 0.36, 0.36, 0.36, 0.36, 0.36, 0.36, 0.36, 0.36, 0.36, 0.36, 0.36, 0.36, 0.36, 0.36, 0.36, 0.36, 0.36, 0.36, 0.361, 0.364, 0.374, 0.411, 0.501, 0.609, 0.666, 0.684, 0.688, 0.69, 0.69, 0.69, 0.69, 0.69, 0.69, 0.69, 0.69, 0.69, 0.69, 0.69, 0.69, 0.69, 0.69, 0.69, 0.69, 0.69, 0.69, 0.69, 0.69, 0.69, 0.69, 0.69, 0.69, 0.69, 0.69, 0.69, 0.69, 0.69, 0.69, 0.69, 0.69, 0.69, 0.69, 0.69, 0.69, 0.69, 0.69, 0.69, 0.69, 0.69, 0.69, 0.69, 0.69, 0.69]","[0.03, 0.028]","[1.0, 1.0, 0.36, 0.31]",1.0,1.0,0.36,0.31,"psych_curve(xdata=array([-70.,  70.]), ydata=[0.504, 0.85], fit=[nan, nan, nan, nan, nan, nan, nan, nan, nan, nan, nan, nan, nan, nan, nan, nan, nan, nan, nan, nan, nan, nan, nan, nan, nan, nan, nan, nan, nan, nan, nan, nan, nan, nan, nan, nan, nan, nan, nan, nan, nan, nan, nan, nan, nan, nan, nan, nan, nan, nan, nan, nan, nan, nan, nan, nan, nan, nan, nan, nan, nan, nan, nan, nan, nan, nan, nan, nan, nan, nan, nan, nan, nan, nan, nan, nan, nan, nan, nan, nan, nan, nan, nan, nan, nan, nan, nan, nan, nan, nan, nan, nan, nan, nan, nan, nan, nan, nan, nan, nan], params=[1.0, 1.0, 0.5, 0.15], fit_error=[0.03, 0.023])",[-70.  70.],"[0.359, 0.691]","[0.36, 0.36, 0.36, 0.36, 0.36, 0.36, 0.36, 0.36, 0.36, 0.36, 0.36, 0.36, 0.36, 0.36, 0.36, 0.36, 0.36, 0.36, 0.36, 0.36, 0.36, 0.36, 0.36, 0.36, 0.36, 0.36, 0.36, 0.36, 0.36, 0.36, 0.36, 0.36, 0.36, 0.36, 0.36, 0.36, 0.36, 0.36, 0.36, 0.36, 0.36, 0.36, 0.36, 0.36, 0.36, 0.36, 0.361, 0.364, 0.374, 0.411, 0.501, 0.609, 0.666, 0.684, 0.688, 0.69, 0.69, 0.69, 0.69, 0.69, 0.69, 0.69, 0.69, 0.69, 0.69, 0.69, 0.69, 0.69, 0.69, 0.69, 0.69, 0.69, 0.69, 0.69, 0.69, 0.69, 0.69, 0.69, 0.69, 0.69, 0.69, 0.69, 0.69, 0.69, 0.69, 0.69, 0.69, 0.69, 0.69, 0.69, 0.69, 0.69, 0.69, 0.69, 0.69, 0.69, 0.69, 0.69, 0.69, 0.69]","[0.03, 0.028]","[1.0, 1.0, 0.5, 0.15]",1.0,1.0,0.5,0.15
2023-03-16,3,562,['Bpod2'],472,245,227,224,248,337,167,170,214,122,135,78,57,0.7139830508474576,0.6816326530612244,0.748898678414097,472,245,227,332,154,178,0.6875,0.717741935483871,139,69,70,0.3080357142857143,0.28225806451612906,0.7139830508474576,0.6816326530612244,0.748898678414097,0.7139830508474576,0.06726602535287252,0.6445783132530121,0.8776978417266187,-0.23311952847360662,0.7026209677419355,0.2951468894009217,0,0,0,0.0,0.0,0.0,337,167,170,842.5,417.5,425.0,0,0,0,0,,"psych_curve(xdata=array([-70.,  70.]), ydata=[0.318, 0.749], fit=[0.32, 0.32, 0.32, 0.32, 0.32, 0.32, 0.32, 0.32, 0.32, 0.32, 0.32, 0.32, 0.32, 0.32, 0.32, 0.32, 0.32, 0.32, 0.32, 0.32, 0.32, 0.32, 0.32, 0.32, 0.32, 0.32, 0.32, 0.32, 0.32, 0.32, 0.32, 0.32, 0.32, 0.32, 0.32, 0.32, 0.32, 0.32, 0.32, 0.32, 0.32, 0.32, 0.32, 0.32, 0.32, 0.32, 0.321, 0.325, 0.338, 0.386, 0.504, 0.644, 0.718, 0.742, 0.748, 0.75, 0.75, 0.75, 0.75, 0.75, 0.75, 0.75, 0.75, 0.75, 0.75, 0.75, 0.75, 0.75, 0.75, 0.75, 0.75, 0.75, 0.75, 0.75, 0.75, 0.75, 0.75, 0.75, 0.75, 0.75, 0.75, 0.75, 0.75, 0.75, 0.75, 0.75, 0.75, 0.75, 0.75, 0.75, 0.75, 0.75, 0.75, 0.75, 0.75, 0.75, 0.75, 0.75, 0.75, 0.75], params=[1.0, 1.0, 0.32, 0.25], fit_error=[0.03, 0.029])",[-70.  70.],"[0.318, 0.749]","[0.32, 0.32, 0.32, 0.32, 0.32, 0.32, 0.32, 0.32, 0.32, 0.32, 0.32, 0.32, 0.32, 0.32, 0.32, 0.32, 0.32, 0.32, 0.32, 0.32, 0.32, 0.32, 0.32, 0.32, 0.32, 0.32, 0.32, 0.32, 0.32, 0.32, 0.32, 0.32, 0.32, 0.32, 0.32, 0.32, 0.32, 0.32, 0.32, 0.32, 0.32, 0.32, 0.32, 0.32, 0.32, 0.32, 0.321, 0.325, 0.338, 0.386, 0.504, 0.644, 0.718, 0.742, 0.748, 0.75, 0.75, 0.75, 0.75, 0.75, 0.75, 0.75, 0.75, 0.75, 0.75, 0.75, 0.75, 0.75, 0.75, 0.75, 0.75, 0.75, 0.75, 0.75, 0.75, 0.75, 0.75, 0.75, 0.75, 0.75, 0.75, 0.75, 0.75, 0.75, 0.75, 0.75, 0.75, 0.75, 0.75, 0.75, 0.75, 0.75, 0.75, 0.75, 0.75, 0.75, 0.75, 0.75, 0.75, 0.75]","[0.03, 0.029]","[1.0, 1.0, 0.32, 0.25]",1.0,1.0,0.32,0.25,"psych_curve(xdata=array([-70.,  70.]), ydata=[0.492, 0.926], fit=[nan, nan, nan, nan, nan, nan, nan, nan, nan, nan, nan, nan, nan, nan, nan, nan, nan, nan, nan, nan, nan, nan, nan, nan, nan, nan, nan, nan, nan, nan, nan, nan, nan, nan, nan, nan, nan, nan, nan, nan, nan, nan, nan, nan, nan, nan, nan, nan, nan, nan, nan, nan, nan, nan, nan, nan, nan, nan, nan, nan, nan, nan, nan, nan, nan, nan, nan, nan, nan, nan, nan, nan, nan, nan, nan, nan, nan, nan, nan, nan, nan, nan, nan, nan, nan, nan, nan, nan, nan, nan, nan, nan, nan, nan, nan, nan, nan, nan, nan, nan], params=[1.0, 1.0, 0.49, 0.07], fit_error=[0.032, 0.017])",[-70.  70.],"[0.318, 0.749]","[0.32, 0.32, 0.32, 0.32, 0.32, 0.32, 0.32, 0.32, 0.32, 0.32, 0.32, 0.32, 0.32, 0.32, 0.32, 0.32, 0.32, 0.32, 0.32, 0.32, 0.32, 0.32, 0.32, 0.32, 0.32, 0.32, 0.32, 0.32, 0.32, 0.32, 0.32, 0.32, 0.32, 0.32, 0.32, 0.32, 0.32, 0.32, 0.32, 0.32, 0.32, 0.32, 0.32, 0.32, 0.32, 0.32, 0.321, 0.325, 0.338, 0.386, 0.504, 0.644, 0.718, 0.742, 0.748, 0.75, 0.75, 0.75, 0.75, 0.75, 0.75, 0.75, 0.75, 0.75, 0.75, 0.75, 0.75, 0.75, 0.75, 0.75, 0.75, 0.75, 0.75, 0.75, 0.75, 0.75, 0.75, 0.75, 0.75, 0.75, 0.75, 0.75, 0.75, 0.75, 0.75, 0.75, 0.75, 0.75, 0.75, 0.75, 0.75, 0.75, 0.75, 0.75, 0.75, 0.75, 0.75, 0.75, 0.75, 0.75]","[0.03, 0.029]","[1.0, 1.0, 0.49, 0.07]",1.0,1.0,0.49,0.07
2023-03-17,4,562,['Bpod2'],519,264,255,181,338,378,152,226,236,141,141,112,29,0.7283236994219653,0.5757575757575758,0.8862745098039215,519,264,255,365,104,261,0.574585635359116,0.772189349112426,153,76,77,0.4198895027624309,0.22781065088757396,0.7283236994219653,0.5757575757575758,0.8862745098039215,0.7283236994219653,0.3105169340463457,0.6465753424657534,0.9215686274509803,-0.2749932849852269,0.673387492235771,0.32385007682500244,0,0,0,0.0,0.0,0.0,378,152,226,945.0,380.0,565.0,0,0,0,0,,"psych_curve(xdata=array([-70.,  70.]), ydata=[0.424, 0.886], fit=[0.42, 0.42, 0.42, 0.42, 0.42, 0.42, 0.42, 0.42, 0.42, 0.42, 0.42, 0.42, 0.42, 0.42, 0.42, 0.42, 0.42, 0.42, 0.42, 0.42, 0.42, 0.42, 0.42, 0.42, 0.42, 0.42, 0.42, 0.42, 0.42, 0.42, 0.42, 0.42, 0.42, 0.42, 0.42, 0.42, 0.42, 0.42, 0.42, 0.42, 0.42, 0.42, 0.42, 0.42, 0.42, 0.42, 0.421, 0.425, 0.44, 0.492, 0.621, 0.774, 0.855, 0.881, 0.888, 0.889, 0.89, 0.89, 0.89, 0.89, 0.89, 0.89, 0.89, 0.89, 0.89, 0.89, 0.89, 0.89, 0.89, 0.89, 0.89, 0.89, 0.89, 0.89, 0.89, 0.89, 0.89, 0.89, 0.89, 0.89, 0.89, 0.89, 0.89, 0.89, 0.89, 0.89, 0.89, 0.89, 0.89, 0.89, 0.89, 0.89, 0.89, 0.89, 0.89, 0.89, 0.89, 0.89, 0.89, 0.89], params=[1.0, 1.0, 0.42, 0.11], fit_error=[0.03, 0.02])",[-70.  70.],"[0.424, 0.886]","[0.42, 0.42, 0.42, 0.42, 0.42, 0.42, 0.42, 0.42, 0.42, 0.42, 0.42, 0.42, 0.42, 0.42, 0.42, 0.42, 0.42, 0.42, 0.42, 0.42, 0.42, 0.42, 0.42, 0.42, 0.42, 0.42, 0.42, 0.42, 0.42, 0.42, 0.42, 0.42, 0.42, 0.42, 0.42, 0.42, 0.42, 0.42, 0.42, 0.42, 0.42, 0.42, 0.42, 0.42, 0.42, 0.42, 0.421, 0.425, 0.44, 0.492, 0.621, 0.774, 0.855, 0.881, 0.888, 0.889, 0.89, 0.89, 0.89, 0.89, 0.89, 0.89, 0.89, 0.89, 0.89, 0.89, 0.89, 0.89, 0.89, 0.89, 0.89, 0.89, 0.89, 0.89, 0.89, 0.89, 0.89, 0.89, 0.89, 0.89, 0.89, 0.89, 0.89, 0.89, 0.89, 0.89, 0.89, 0.89, 0.89, 0.89, 0.89, 0.89, 0.89, 0.89, 0.89, 0.89, 0.89, 0.89, 0.89, 0.89]","[0.03, 0.02]","[1.0, 1.0, 0.42, 0.11]",1.0,1.0,0.42,0.11,"psych_curve(xdata=array([-70.,  70.]), ydata=[0.478, 0.952], fit=[nan, nan, nan, nan, nan, nan, nan, nan, nan, nan, nan, nan, nan, nan, nan, nan, nan, nan, nan, nan, nan, nan, nan, nan, nan, nan, nan, nan, nan, nan, nan, nan, nan, nan, nan, nan, nan, nan, nan, nan, nan, nan, nan, nan, nan, nan, nan, nan, nan, nan, nan, nan, nan, nan, nan, nan, nan, nan, nan, nan, nan, nan, nan, nan, nan, nan, nan, nan, nan, nan, nan, nan, nan, nan, nan, nan, nan, nan, nan, nan, nan, nan, nan, nan, nan, nan, nan, nan, nan, nan, nan, nan, nan, nan, nan, nan, nan, nan, nan, nan], params=[1.0, 1.0, 0.48, 0.05], fit_error=[0.03, 0.014])",[-70.  70.],"[0.424, 0.886]","[0.42, 0.42, 0.42, 0.42, 0.42, 0.42, 0.42, 0.42, 0.42, 0.42, 0.42, 0.42, 0.42, 0.42, 0.42, 0.42, 0.42, 0.42, 0.42, 0.42, 0.42, 0.42, 0.42, 0.42, 0.42, 0.42, 0.42, 0.42, 0.42, 0.42, 0.42, 0.42, 0.42, 0.42, 0.42, 0.42, 0.42, 0.42, 0.42, 0.42, 0.42, 0.42, 0.42, 0.42, 0.42, 0.42, 0.421, 0.425, 0.44, 0.492, 0.621, 0.774, 0.855, 0.881, 0.888, 0.889, 0.89, 0.89, 0.89, 0.89, 0.89, 0.89, 0.89, 0.89, 0.89, 0.89, 0.89, 0.89, 0.89, 0.89, 0.89, 0.89, 0.89, 0.89, 0.89, 0.89, 0.89, 0.89, 0.89, 0.89, 0.89, 0.89, 0.89, 0.89, 0.89, 0.89, 0.89, 0.89, 0.89, 0.89, 0.89, 0.89, 0.89, 0.89, 0.89, 0.89, 0.89, 0.89, 0.89, 0.89]","[0.03, 0.02]","[1.0, 1.0, 0.48, 0.05]",1.0,1.0,0.48,0.05
2023-03-20,0,562,['Bpod2'],326,158,168,130,175,231,99,132,135,87,74,43,31,0.7085889570552147,0.6265822784810127,0.7857142857142857,305,142,163,192,76,116,0.5846153846153846,0.6628571428571428,102,49,53,0.3769230769230769,0.3028571428571429,0.7573770491803279,0.6971830985915493,0.8098159509202454,0.7573770491803279,0.11263285232869613,0.703125,0.8529411764705882,-0.1498161764705882,0.6237362637362638,0.3398901098901099,21,16,5,0.06441717791411043,0.10126582278481013,0.02976190476190476,231,99,132,577.5,247.5,330.0,0,0,0,0,,"psych_curve(xdata=array([-70.,  70.]), ydata=[0.303, 0.81], fit=[0.3, 0.3, 0.3, 0.3, 0.3, 0.3, 0.3, 0.3, 0.3, 0.3, 0.3, 0.3, 0.3, 0.3, 0.3, 0.3, 0.3, 0.3, 0.3, 0.3, 0.3, 0.3, 0.3, 0.3, 0.3, 0.3, 0.3, 0.3, 0.3, 0.3, 0.3, 0.3, 0.3, 0.3, 0.3, 0.3, 0.3, 0.3, 0.3, 0.3, 0.3, 0.3, 0.3, 0.3, 0.3, 0.3, 0.301, 0.305, 0.322, 0.378, 0.518, 0.685, 0.773, 0.8, 0.808, 0.809, 0.81, 0.81, 0.81, 0.81, 0.81, 0.81, 0.81, 0.81, 0.81, 0.81, 0.81, 0.81, 0.81, 0.81, 0.81, 0.81, 0.81, 0.81, 0.81, 0.81, 0.81, 0.81, 0.81, 0.81, 0.81, 0.81, 0.81, 0.81, 0.81, 0.81, 0.81, 0.81, 0.81, 0.81, 0.81, 0.81, 0.81, 0.81, 0.81, 0.81, 0.81, 0.81, 0.81, 0.81], params=[1.0, 1.0, 0.3, 0.19], fit_error=[0.039, 0.031])",[-70.  70.],"[0.303, 0.81]","[0.3, 0.3, 0.3, 0.3, 0.3, 0.3, 0.3, 0.3, 0.3, 0.3, 0.3, 0.3, 0.3, 0.3, 0.3, 0.3, 0.3, 0.3, 0.3, 0.3, 0.3, 0.3, 0.3, 0.3, 0.3, 0.3, 0.3, 0.3, 0.3, 0.3, 0.3, 0.3, 0.3, 0.3, 0.3, 0.3, 0.3, 0.3, 0.3, 0.3, 0.3, 0.3, 0.3, 0.3, 0.3, 0.3, 0.301, 0.305, 0.322, 0.378, 0.518, 0.685, 0.773, 0.8, 0.808, 0.809, 0.81, 0.81, 0.81, 0.81, 0.81, 0.81, 0.81, 0.81, 0.81, 0.81, 0.81, 0.81, 0.81, 0.81, 0.81, 0.81, 0.81, 0.81, 0.81, 0.81, 0.81, 0.81, 0.81, 0.81, 0.81, 0.81, 0.81, 0.81, 0.81, 0.81, 0.81, 0.81, 0.81, 0.81, 0.81, 0.81, 0.81, 0.81, 0.81, 0.81, 0.81, 0.81, 0.81, 0.81]","[0.039, 0.031]","[1.0, 1.0, 0.3, 0.19]",1.0,1.0,0.3,0.19,"psych_curve(xdata=array([-70.,  70.]), ydata=[0.396, 0.9], fit=[nan, nan, nan, nan, nan, nan, nan, nan, nan, nan, nan, nan, nan, nan, nan, nan, nan, nan, nan, nan, nan, nan, nan, nan, nan, nan, nan, nan, nan, nan, nan, nan, nan, nan, nan, nan, nan, nan, nan, nan, nan, nan, nan, nan, nan, nan, nan, nan, nan, nan, nan, nan, nan, nan, nan, nan, nan, nan, nan, nan, nan, nan, nan, nan, nan, nan, nan, nan, nan, nan, nan, nan, nan, nan, nan, nan, nan, nan, nan, nan, nan, nan, nan, nan, nan, nan, nan, nan, nan, nan, nan, nan, nan, nan, nan, nan, nan, nan, nan, nan], params=[1.0, 1.0, 0.4, 0.1], fit_error=[0.041, 0.025])",[-70.  70.],"[0.303, 0.81]","[0.3, 0.3, 0.3, 0.3, 0.3, 0.3, 0.3, 0.3, 0.3, 0.3, 0.3, 0.3, 0.3, 0.3, 0.3, 0.3, 0.3, 0.3, 0.3, 0.3, 0.3, 0.3, 0.3, 0.3, 0.3, 0.3, 0.3, 0.3, 0.3, 0.3, 0.3, 0.3, 0.3, 0.3, 0.3, 0.3, 0.3, 0.3, 0.3, 0.3, 0.3, 0.3, 0.3, 0.3, 0.3, 0.3, 0.301, 0.305, 0.322, 0.378, 0.518, 0.685, 0.773, 0.8, 0.808, 0.809, 0.81, 0.81, 0.81, 0.81, 0.81, 0.81, 0.81, 0.81, 0.81, 0.81, 0.81, 0.81, 0.81, 0.81, 0.81, 0.81, 0.81, 0.81, 0.81, 0.81, 0.81, 0.81, 0.81, 0.81, 0.81, 0.81, 0.81, 0.81, 0.81, 0.81, 0.81, 0.81, 0.81, 0.81, 0.81, 0.81, 0.81, 0.81, 0.81, 0.81, 0.81, 0.81, 0.81, 0.81]","[0.039, 0.031]","[1.0, 1.0, 0.4, 0.1]",1.0,1.0,0.4,0.1
2023-03-21,1,562,['Bpod2'],601,306,295,318,279,405,215,190,267,135,192,89,103,0.6738768718801996,0.7026143790849673,0.6440677966101694,597,304,293,437,238,199,0.7484276729559748,0.7132616487455197,156,78,78,0.24528301886792453,0.27956989247311825,0.678391959798995,0.7072368421052632,0.6484641638225256,0.678391959798995,-0.05877267828273758,0.6109839816933639,0.8653846153846154,-0.25440063369125154,0.7308446608507473,0.26242645567052136,4,2,2,0.0066555740432612314,0.006535947712418301,0.006779661016949152,405,215,190,1012.5,537.5,475.0,0,0,0,0,,"psych_curve(xdata=array([-70.,  70.]), ydata=[0.293, 0.648], fit=[0.29, 0.29, 0.29, 0.29, 0.29, 0.29, 0.29, 0.29, 0.29, 0.29, 0.29, 0.29, 0.29, 0.29, 0.29, 0.29, 0.29, 0.29, 0.29, 0.29, 0.29, 0.29, 0.29, 0.29, 0.29, 0.29, 0.29, 0.29, 0.29, 0.29, 0.29, 0.29, 0.29, 0.29, 0.29, 0.29, 0.29, 0.29, 0.29, 0.29, 0.29, 0.29, 0.29, 0.29, 0.29, 0.29, 0.291, 0.294, 0.305, 0.345, 0.444, 0.562, 0.624, 0.643, 0.648, 0.65, 0.65, 0.65, 0.65, 0.65, 0.65, 0.65, 0.65, 0.65, 0.65, 0.65, 0.65, 0.65, 0.65, 0.65, 0.65, 0.65, 0.65, 0.65, 0.65, 0.65, 0.65, 0.65, 0.65, 0.65, 0.65, 0.65, 0.65, 0.65, 0.65, 0.65, 0.65, 0.65, 0.65, 0.65, 0.65, 0.65, 0.65, 0.65, 0.65, 0.65, 0.65, 0.65, 0.65, 0.65], params=[1.0, 1.0, 0.29, 0.35], fit_error=[0.026, 0.028])",[-70.  70.],"[0.293, 0.648]","[0.29, 0.29, 0.29, 0.29, 0.29, 0.29, 0.29, 0.29, 0.29, 0.29, 0.29, 0.29, 0.29, 0.29, 0.29, 0.29, 0.29, 0.29, 0.29, 0.29, 0.29, 0.29, 0.29, 0.29, 0.29, 0.29, 0.29, 0.29, 0.29, 0.29, 0.29, 0.29, 0.29, 0.29, 0.29, 0.29, 0.29, 0.29, 0.29, 0.29, 0.29, 0.29, 0.29, 0.29, 0.29, 0.29, 0.291, 0.294, 0.305, 0.345, 0.444, 0.562, 0.624, 0.643, 0.648, 0.65, 0.65, 0.65, 0.65, 0.65, 0.65, 0.65, 0.65, 0.65, 0.65, 0.65, 0.65, 0.65, 0.65, 0.65, 0.65, 0.65, 0.65, 0.65, 0.65, 0.65, 0.65, 0.65, 0.65, 0.65, 0.65, 0.65, 0.65, 0.65, 0.65, 0.65, 0.65, 0.65, 0.65, 0.65, 0.65, 0.65, 0.65, 0.65, 0.65, 0.65, 0.65, 0.65, 0.65, 0.65]","[0.026, 0.028]","[1.0, 1.0, 0.29, 0.35]",1.0,1.0,0.29,0.35,"psych_curve(xdata=array([-70.,  70.]), ydata=[0.557, 0.927], fit=[nan, nan, nan, nan, nan, nan, nan, nan, nan, nan, nan, nan, nan, nan, nan, nan, nan, nan, nan, nan, nan, nan, nan, nan, nan, nan, nan, nan, nan, nan, nan, nan, nan, nan, nan, nan, nan, nan, nan, nan, nan, nan, nan, nan, nan, nan, nan, nan, nan, nan, nan, nan, nan, nan, nan, nan, nan, nan, nan, nan, nan, nan, nan, nan, nan, nan, nan, nan, nan, nan, nan, nan, nan, nan, nan, nan, nan, nan, nan, nan, nan, nan, nan, nan, nan, nan, nan, nan, nan, nan, nan, nan, nan, nan, nan, nan, nan, nan, nan, nan], params=[1.0, 1.0, 0.56, 0.07], fit_error=[0.028, 0.015])",[-70.  70.],"[0.293, 0.648]","[0.29, 0.29, 0.29, 0.29, 0.29, 0.29, 0.29, 0.29, 0.29, 0.29, 0.29, 0.29, 0.29, 0.29, 0.29, 0.29, 0.29, 0.29, 0.29, 0.29, 0.29, 0.29, 0.29, 0.29, 0.29, 0.29, 0.29, 0.29, 0.29, 0.29, 0.29, 0.29, 0.29, 0.29, 0.29, 0.29, 0.29, 0.29, 0.29, 0.29, 0.29, 0.29, 0.29, 0.29, 0.29, 0.29, 0.291, 0.294, 0.305, 0.345, 0.444, 0.562, 0.624, 0.643, 0.648, 0.65, 0.65, 0.65, 0.65, 0.65, 0.65, 0.65, 0.65, 0.65, 0.65, 0.65, 0.65, 0.65, 0.65, 0.65, 0.65, 0.65, 0.65, 0.65, 0.65, 0.65, 0.65, 0.65, 0.65, 0.65, 0.65, 0.65, 0.65, 0.65, 0.65, 0.65, 0.65, 0.65, 0.65, 0.65, 0.65, 0.65, 0.65, 0.65, 0.65, 0.65, 0.65, 0.65, 0.65, 0.65]","[0.026, 0.028]","[1.0, 1.0, 0.56, 0.07]",1.0,1.0,0.56,0.07
