Date,Subject,RECside
08/05/2024,009,L
09/05/2024,009,L
10/05/2024,009,L
11/05/2024,009,L
12/05/2024,009,L
13/05/2024,009,L
22/05/2024,009,R
23/05/2024,009,R
24/05/2024,009,R
24/05/2024,001,R
25/05/2024,001,R
28/05/2024,001,R
22/06/2024,007,R
23/06/2024,007,R
24/06/2024,007,R
25/06/2024,007,R
26/06/2024,007,R
27/06/2024,007,R
28/06/2024,007,R
29/06/2024,007,R
06/07/2024,007,L
07/07/2024,007,L
08/07/2024,007,L
08/07/2024,000,R
09/07/2024,007,L
09/07/2024,000,R
10/07/2024,007,L
10/07/2024,000,R
11/07/2024,007,L
11/07/2024,000,R
12/07/2024,007,L
12/07/2024,000,R